card_area_normalized,mprl_pprl_ratio,centroid_x,centroid_y,downstroke_min_dip,impact_spike_amplitude,tilt_covariance_skew,fourier_harmonic_1_magnitude,fourier_harmonic_2_magnitude,fourier_harmonic_3_magnitude,upstroke_slope,peak_load_normalized_to_api_limit,class_id,class_label
0.9680964357594757,0.5638347378360853,0.49591973696570535,0.45799736783268336,0.0,0.0005334962846850401,0.1603568801089244,0.10279213082791629,0.05580784201871674,0.13146310073806575,0.9843364686991792,0.3614566403649505,0,Normal Fillage (Optimal)
0.967946180497556,0.5768610262831483,0.49591973696570535,0.45808144551945984,0.0,0.0005626247251014461,0.1602094929761471,0.10269332713314784,0.05572500711372034,0.131331505062917,0.9834542140172832,0.35329446915910956,1,Severe Rod Floating & Impact Loading
0.5863033357200962,0.39544609157022453,0.49591973696570535,0.6768719652349173,0.0,0.00046975236653625137,-0.07875338129899698,0.08128268894854979,0.07878397024349684,0.11125212859974029,0.501852265020371,0.2961656392413549,2,Fluid Pound (Underfilled)
0.7562529130917426,0.3411689096417318,0.49591973696570535,0.5883293656589897,0.0,-0.0003166449452091098,0.3154278169190783,0.10396430649365417,0.05818054233955533,0.09400302098332106,0.5413137047185698,0.32064872217668033,3,Gas Interference
0.6559228353525199,0.4397450310703376,0.49591973696570535,0.4686842231642768,0.0,0.00015728967763879302,0.4421533608775307,0.17464931888224067,0.036430353215031144,0.08818054463296636,0.9998427103223612,0.38513553063465356,4,Unanchored Tubing
0.47929291889446546,0.3881797577607365,0.49591973696570535,0.5565301117931426,0.3348733805980509,0.0004000432544896899,0.24688978851515833,0.15740279625684678,0.059128465128582566,0.05968447234226133,1.0,0.34364330508252294,5,Traveling Valve Leak
0.9677781327883359,0.5905033332482524,0.49591973696570535,0.4581750275705524,0.0,0.0005951173698129353,0.16004500961989848,0.1025829686453748,0.05563261112505485,0.13118470276819322,0.9824696108416704,0.3451323618076921,6,Standing Valve Leak
0.9655977737980024,0.7076313914485358,0.49591973696570535,0.45929450062113963,0.0,0.0009988654547847726,0.15798567767447855,0.1011791944130348,0.05448320101302409,0.12935577996350545,0.9701400559720234,0.28800560930754865,7,Pump Off / High Viscous Friction
0.9673546859598829,0.5616604994593173,0.49591973696570535,0.4583963083465636,0.0,0.0006742574087461925,0.15964201346142726,0.10230902719152127,0.05540718391439619,0.13082619527440623,0.980056905614916,0.36208315477544356,0,Normal Fillage (Optimal)
0.9671586465717876,0.574642538868963,0.49591973696570535,0.4584987527268571,0.0,0.0007108961642272356,0.15945544193696176,0.10218224233080313,0.055302862918954615,0.1306602717034669,0.9789399170710337,0.3539031516136248,1,Severe Rod Floating & Impact Loading
0.5875804692302005,0.3933622732205831,0.49591973696570535,0.6760858839379992,0.0,0.0005946682663262614,-0.07817710859948726,0.0808310066741291,0.07844967054809146,0.11088695232477609,0.5005068832195521,0.29664735271958903,2,Fluid Pound (Underfilled)
0.7565942038722966,0.3406005330644183,0.49591973696570535,0.5878304500670927,0.0,-0.0003158449439090974,0.31484763432756413,0.10381185597916762,0.05814134434382512,0.09395512790905748,0.5412240895320235,0.32118380420250986,3,Gas Interference
0.658913817069184,0.4392996161911537,0.49591973696570535,0.46848346646107814,0.0,0.0002630100558608737,0.44165635342484266,0.1740183909690026,0.036368149889513375,0.08824615498373124,0.9997369899441392,0.3854738836777867,4,Unanchored Tubing
0.4826917338008947,0.3878106480868661,0.49591973696570535,0.5561304784229874,0.3322921992712785,0.0005082037227163251,0.24674600153787846,0.15621397209439528,0.059082254018885665,0.05978904317780457,1.0,0.34397037724748925,5,Traveling Valve Leak
0.9669400776068944,0.5882389029131803,0.49591973696570535,0.4586129703969713,0.0,0.0007517455819789809,0.15924742891786764,0.1020409162495006,0.05518658511990628,0.13047531795217648,0.9776945600425567,0.34572314845180596,6,Standing Valve Leak
0.9641722177558147,0.7049912919035066,0.49591973696570535,0.4599981033806633,0.0,0.001257509778003459,0.1566616157270707,0.10027084593751816,0.05374763347529753,0.12818402782513308,0.962211962622199,0.28846853555861535,7,Pump Off / High Viscous Friction
0.9667626295403053,0.5597352729779177,0.49591973696570535,0.4587056995030566,0.0,0.0007849097148882222,0.15907855083363182,0.10192620159745609,0.05509220843322444,0.13032519059020273,0.9766835006863944,0.36270825112561356,0,Normal Fillage (Optimal)
0.966535255211177,0.5726846903854697,0.49591973696570535,0.45882451859583284,0.0,0.0008274048100240323,0.15886215771171255,0.10177924099475612,0.054971310936767534,0.1301328628081534,0.9753879726638225,0.35450677373353007,1,Severe Rod Floating & Impact Loading
0.5887428606807639,0.39160667041655706,0.49591973696570535,0.6753769148321245,0.0,0.0006934237396397199,-0.07762586789715767,0.08041634623045339,0.07817317219584997,0.11060291566327264,0.49963684038507744,0.2971035781874933,2,Fluid Pound (Underfilled)
0.7569484587501201,0.34004931326358084,0.49591973696570535,0.5873709224602046,0.0,-0.00031507040733464803,0.314317789790717,0.1036707906462124,0.05808948853125394,0.0939313931181955,0.5413418375609386,0.32170444302070234,3,Gas Interference
0.6614613472353241,0.4388147847149845,0.49591973696570535,0.46831700822937594,0.0,0.0003471502587017966,0.4411141370689798,0.17344595310642083,0.036329452873658755,0.08832207887062059,0.9996528497412982,0.3858580195155716,4,Unanchored Tubing
0.4856551302466414,0.3873925396239728,0.49591973696570535,0.5557599329996229,0.33006146561719635,0.0005941816444648508,0.24658783438871554,0.15517662049703645,0.05904005544266174,0.059906042220461184,1.0,0.3443416206530834,5,Traveling Valve Leak
0.9662817738708238,0.5862474451035052,0.49591973696570535,0.4589569029929106,0.0,0.0008747645912056926,0.1586209795788881,0.10161546747436394,0.05483661426673007,0.12991856372460686,0.9739440568447469,0.34630530785391145,6,Standing Valve Leak
0.9630441920758877,0.7027253217051828,0.49591973696570535,0.460540208065391,0.0,0.0014594143290664323,0.15562546545771547,0.0995569890450422,0.053173847322890586,0.12726926583023682,0.9560074214159947,0.28890463412148465,7,Pump Off / High Viscous Friction
0.9639266820437999,0.5549068824726449,0.49591973696570535,0.460119290902884,0.0,0.001302058302356523,0.15643356121122176,0.1001145171882549,0.05362107710538235,0.1279823666929012,0.9608464392839295,0.3629617317537918,0,Normal Fillage (Optimal)
0.9635411610617339,0.5676681453169574,0.49591973696570535,0.4603059265917653,0.0,0.0013713189802100783,0.15607836432653538,0.0998701413974294,0.05342426657591251,0.12766864415600493,0.9587195307613041,0.3548022989944447,1,Severe Rod Floating & Impact Loading
0.5907968770020737,0.38550077943524996,0.49591973696570535,0.6739416983283261,0.0,0.0011498817492806373,-0.07713021413974104,0.07974016812714405,0.07714772028599604,0.10917572917267303,0.49142240151483435,0.29769232019834607,2,Fluid Pound (Underfilled)
0.7565905187677657,0.33956000068081854,0.49591973696570535,0.5864349311247793,0.0,-0.0003143839418152054,0.3132533452985193,0.1034434883771187,0.05830818344019998,0.09349780410536224,0.5376413490580672,0.32216802539667405,3,Gas Interference
0.6694695238073436,0.4391750022070018,0.49591973696570535,0.46775009534347506,0.0,0.0007414500715489679,0.4415741571796568,0.17244522202293627,0.03589502239423923,0.08811674770859534,0.9988162846378966,0.38521272339076823,4,Unanchored Tubing
0.49393614787673457,0.3881334013087492,0.49591973696570535,0.555164844641088,0.3234339259058409,0.001000289357862842,0.24679919284894836,0.15234744641005166,0.05896170816616497,0.05972024358792967,1.0,0.34368434788976165,5,Traveling Valve Leak
0.9631065896536235,0.5810287198290179,0.49591973696570535,0.4605107925548106,0.0,0.0014483534046737742,0.15568232975544027,0.09959629954324933,0.05320528046672609,0.12731940040860107,0.9563479437795757,0.34664373059500203,6,Standing Valve Leak
0.9577926575483211,0.695631348563347,0.49591973696570535,0.46299785679978445,0.0,0.0023869340714834614,0.15085386263943037,0.09626139039121381,0.05054618559121569,0.12307379326166745,0.9274329990742783,0.2895354895093947,7,Pump Off / High Viscous Friction
0.9602412009254007,0.5463885599462943,0.49591973696570535,0.46186159615196104,0.0,0.0019562873538917793,0.15307103739979996,0.09779339677788848,0.05176437985192427,0.12502007119399788,0.9407106549969371,0.3646924196579927,0,Normal Fillage (Optimal)
0.9596673125698629,0.5589210224844039,0.49591973696570535,0.4621321390096844,0.0,0.002058017836728864,0.15254804020188265,0.09743286943252037,0.05147642494976433,0.12456027316650983,0.9375787734982306,0.35651506739634314,1,Severe Rod Floating & Impact Loading
0.5950376765251804,0.37638399275416723,0.49591973696570535,0.6711234534242991,0.0,0.001733973347032298,-0.07546066954182452,0.07826749257018357,0.07570102862125355,0.10739274920585389,0.4829680611816645,0.2992841454955163,2,Fluid Pound (Underfilled)
0.7570940382246718,0.3378373533637982,0.49591973696570535,0.5845558115643267,0.0,-0.00031197528168932305,0.3111227305182136,0.1029243041296883,0.05837231113720525,0.09308984990157157,0.5349215743970516,0.32381077413080145,3,Gas Interference
0.681470727631325,0.43789236825253836,0.49591973696570535,0.46711085274415887,0.0,0.0012614250440299197,0.4402642927791591,0.1703438035561304,0.03541262648188763,0.08803706895993976,0.9970705466580072,0.3856627773850433,4,Unanchored Tubing
0.5077735963292902,0.38773126554994236,0.49591973696570535,0.5537919888733086,0.3126979422491133,0.0015363541954734501,0.2465908645064456,0.14761432067647834,0.058799741926566444,0.05985049657321985,1.0,0.3440408003564789,5,Traveling Valve Leak
0.9590304636867604,0.5720418930898997,0.49591973696570535,0.4624323627642021,0.0,0.0021709090354218945,0.15196766567755737,0.09703300899518684,0.05115712847238311,0.12405031172079335,0.9341032974492307,0.3483377151346935,6,Standing Valve Leak
0.9512688470267321,0.6844997509825002,0.49591973696570535,0.4659683422766516,0.0,0.0035236165150156176,0.1449914449925844,0.09221115513075982,0.0473472447657332,0.11795220766315638,0.8923241258118636,0.29110860261708793,7,Pump Off / High Viscous Friction
0.9571144875006983,0.538819385534712,0.49591973696570535,0.4633066478461593,0.0,0.0025050956864342364,0.15024444640307608,0.09583927269405758,0.05021237909828818,0.1225400195011792,0.9237833243675085,0.36631406070342704,0,Normal Fillage (Optimal)
0.956381295142334,0.5511525189255261,0.49591973696570535,0.46364049219143255,0.0,0.002632844166977148,0.14958558609344982,0.09538319013619205,0.049851815833048645,0.12196329652828258,0.9198375387715686,0.35811705530391685,1,Severe Rod Floating & Impact Loading
0.598733325168169,0.36838171569669254,0.49591973696570535,0.6686732650165144,0.0,0.002227946993879661,-0.07397849709847576,0.07697438788437969,0.07446415510606398,0.1058801751342259,0.4759574326369464,0.30073875955958995,2,Fluid Pound (Underfilled)
0.7575821472817985,0.3362607194227089,0.49591973696570535,0.5828740280673722,0.0,-0.00030978174011140827,0.30922273013376367,0.1024581344460846,0.058422869785775024,0.09274571678817937,0.53270352044518,0.3253290337058761,3,Gas Interference
0.6915551437396203,0.4363366558424476,0.49591973696570535,0.4666804172594264,0.0,0.0017136166103161694,0.43868654378310795,0.16851017454350178,0.034970548377614055,0.08790972943651139,0.9948153468766058,0.3862023731142789,4,Unanchored Tubing
0.5200789738284612,0.38728362388708154,0.49591973696570535,0.5525504937645731,0.303169100332409,0.0020052929425082126,0.24637497924304982,0.14345192629473055,0.05865576055592297,0.059990663938321205,1.0,0.3444384598144694,5,Traveling Valve Leak
0.9555693055350947,0.5640634686548155,0.49591973696570535,0.4640102152739311,0.0,0.0027743219624813595,0.14885591710830795,0.09487843475962014,0.04945290002081279,0.12132502586980352,0.9154676938601192,0.3499200499044066,6,Standing Valve Leak
0.945939018156368,0.6746920823537912,0.49591973696570535,0.4683669917108421,0.0,0.004446959052075923,0.1402242097465568,0.08892685809553447,0.04476823254196059,0.11381098959406173,0.863773333668162,0.29254399490262023,7,Pump Off / High Viscous Friction
0.9185085314289587,0.43570552707734495,0.49591973696570535,0.48056577426745073,0.0,0.00917152637753625,0.11580451199373909,0.07229997448361059,0.031905523420475805,0.09290636690075273,0.7175207666531003,0.38480667909218086,0,Normal Fillage (Optimal)
0.9164233858737312,0.4451365674565846,0.49591973696570535,0.4814858696530072,0.0,0.009529311312775717,0.11395391987088868,0.07105396242432718,0.03095920749210104,0.0913427520712216,0.706437149234423,0.3766538388313694,1,Severe Rod Floating & Impact Loading
0.6375871128829722,0.2550313211955224,0.49591973696570535,0.6418346426170705,0.0,0.00836482658738327,-0.05979107398936166,0.06318749261457123,0.059474029930760654,0.08629186388527733,0.38001389380934414,0.319591383413551,2,Fluid Pound (Underfilled)
0.7594531200398862,0.317966625178283,0.49591973696570535,0.5612656836480554,0.0,-0.0002850710450057164,0.2850417500252192,0.09661654189740418,0.06122168224889333,0.08680713113292306,0.48997999205188936,0.34404672144975884,3,Gas Interference
0.7866910580674364,0.39026846497686424,0.49591973696570535,0.47300276053658197,0.0,0.008108428028133692,0.3979106641749971,0.14600860536940755,0.025815510379148577,0.07865123689947433,0.9036592993570861,0.392675832140374,4,Unanchored Tubing
0.6987941745851423,0.3870931065661625,0.49591973696570535,0.5350840768064979,0.16223947152947502,0.009429098593602192,0.2451241819323451,0.09400092324322319,0.05705420250850649,0.06018054283871299,0.9983687259042193,0.3446079836098359,5,Traveling Valve Leak
0.9141641225553645,0.45498360896711976,0.49591973696570535,0.4824781170691969,0.0,0.009916091703408753,0.11195249052946149,0.06970757508456324,0.02994152946508012,0.08965511744443355,0.6944500069162007,0.36850205948596676,6,Standing Valve Leak
0.8911760081273528,0.5383464233407322,0.49591973696570535,0.4925742829117669,0.0,0.013851601037844554,0.09158784938902331,0.056156467388800084,0.0200351698555015,0.07266899315632339,0.572480249324919,0.3114396040681483,7,Pump Off / High Viscous Friction
0.8983622731930829,0.35975640020826827,0.49591973696570535,0.4894181421974213,0.0,0.012621329919503026,0.09795399610636113,0.06036369855640606,0.023023055876043103,0.07794279351386899,0.6106089532166052,0.40049123688112226,0,Normal Fillage (Optimal)
0.8959357498824847,0.36724875751725705,0.49591973696570535,0.49048384864504657,0.0,0.013036744814404313,0.09580439498992255,0.05894014451430415,0.022000110341613047,0.07615836713876563,0.5977343670512085,0.39232068930427644,1,Severe Rod Floating & Impact Loading
0.6593816692766588,0.17386563873679428,0.49591973696570535,0.6268123605478139,0.0,0.011689164330179627,-0.05161318900284491,0.055098023373002854,0.05126066820928755,0.07523676501135411,0.32900157633642824,0.33512685626635613,2,Fluid Pound (Underfilled)
0.7612559069480973,0.30418149121453647,0.49591973696570535,0.5461116935260429,0.0,-0.0002673092609994297,0.2681057915310749,0.09232614827379904,0.06407648079903376,0.08268651913590729,0.46212002553656184,0.3596384989968934,3,Gas Interference
0.8154612925855709,0.3331267395233387,0.49591973696570535,0.4826127169832609,0.0,0.011851103715294329,0.35424526786335697,0.1291744831136984,0.01929591954209944,0.06929555592092365,0.8075180421990915,0.4031401182484941,4,Unanchored Tubing
0.8047182539734088,0.37559029149008283,0.49591973696570535,0.4985277636444723,0.04817638303557243,0.014593092038548527,0.23329701753977156,0.08366866641232283,0.0550270529856083,0.05933766774725977,0.9541220314884012,0.35516193561290393,5,Traveling Valve Leak
0.8933440584670702,0.3750598269921742,0.49591973696570535,0.49162209538662627,0.0,0.01348043608753009,0.09350847525336156,0.05742299863298549,0.020922807575001014,0.07425661131590605,0.5839834361221429,0.3841501417274307,6,Standing Valve Leak
0.8687179150126152,0.44066831520333904,0.49591973696570535,0.5024376683279281,0.0,0.01769637201127378,0.07169274192327386,0.043176671122608215,0.01210893542359967,0.05639792835386827,0.45332266544629013,0.32695630868951037,7,Pump Off / High Viscous Friction
0.8862369929453848,0.3030598135408929,0.49591973696570535,0.49474345239856027,0.0,0.014697148436368265,0.08721248958807033,0.05328009169971645,0.018067498263455443,0.06906337139184965,0.5462749471731824,0.4131619934665748,0,Normal Fillage (Optimal)
0.8837231161142736,0.30919030493563043,0.49591973696570535,0.49584752369915125,0.0,0.015127518041732489,0.08498550399962146,0.05182080518018277,0.017100550016627875,0.06723409161877787,0.5329368829024099,0.4049699964823655,1,Severe Rod Floating & Impact Loading
0.6729335766039561,0.11413423808634729,0.49591973696570535,0.6174819885663727,0.0,0.013742595442486141,-0.04650574015601169,0.04993999850159457,0.046249443579516734,0.06823918719506561,0.2976048653794247,0.34762601759290007,2,Fluid Pound (Underfilled)
0.7626158964487004,0.29391398329773194,0.49591973696570535,0.5352567633580708,0.0,-0.0002545305026906541,0.25597260734238436,0.08915635441236291,0.06662305260947796,0.07967177047285542,0.44240481868768694,0.3722020085455281,3,Gas Interference
0.8254554439551569,0.28440794812602865,0.49591973696570535,0.48919758814201764,0.0,0.014144833035445599,0.3221007166408498,0.11726147108373372,0.015321392019186362,0.06259988003024676,0.7366844402501581,0.4131487591005537,4,Unanchored Tubing
0.8437909184557473,0.34201816214932423,0.49591973696570535,0.484964174337507,0.0,0.01756853300550462,0.2147341022878424,0.08128503278072534,0.05065129930401022,0.0553706393971662,0.8812486426744038,0.3660998466142748,5,Traveling Valve Leak
0.8810575727868173,0.31557394023996443,0.49591973696570535,0.4970182055129573,0.0,0.01558385258275813,0.08262416055503623,0.050276964938916445,0.016106097913789613,0.06529880314056385,0.5187941103615321,0.3967779994981561,6,Standing Valve Leak
0.8566905447907835,0.36888699747192594,0.49591973696570535,0.5077199773572272,0.0,0.019755428569608772,0.06103797164196606,0.03632959847310426,0.00993398573677707,0.04781392353577898,0.3895081479480483,0.33943402060869077,7,Pump Off / High Viscous Friction
0.849571632007228,0.12474551180796918,0.49591973696570535,0.5148898070190583,0.0,0.05225827794642562,0.03463675156070826,0.028328207113791293,0.017887258429444317,0.038125657360918476,0.3931869464069079,0.4583849252500399,1,Severe Rod Floating & Impact Loading
0.8470307182546382,0.12700411470257542,0.49591973696570535,0.5160896089340387,0.0,0.05334209966338726,0.03196905545067031,0.026862819355522857,0.018365462828717267,0.03625718067072648,0.38056509448270287,0.45023314590463726,1,Severe Rod Floating & Impact Loading
0.6972827652760323,-0.06949214265662434,0.49591973696570535,0.6025836434772346,0.0,0.04986100571276968,-0.06060813637784501,0.04336977021600487,0.040967516185647396,0.04135975899586231,0.21978550270698216,0.39317069048681885,2,Fluid Pound (Underfilled)
0.7656084784499448,0.2619457779246172,0.49591973696570535,0.5026374463182817,0.0,-0.00021702028589661856,0.21954104392656884,0.07922179476669984,0.07700356842415651,0.0697493468926226,0.37931625649757333,0.41762602852302677,3,Gas Interference
0.8232010972632828,0.11676333072109513,0.49591973696570535,0.5124700003944189,0.0,0.05005840866218719,0.2097478085401873,0.07512567039744852,0.018316130769765338,0.03466419209209579,0.5449678211900223,0.45353540856606855,4,Unanchored Tubing
0.8216387543932306,0.13983768664758184,0.49591973696570535,0.5145199500295574,0.0,0.05960851900257142,0.11521117371944017,0.04238266632745141,0.041768982829859844,0.024464217312933658,0.6050365453614301,0.40891310115478613,5,Traveling Valve Leak
0.8443821766850146,0.1293460128175571,0.49591973696570535,0.5173402319604609,0.0,0.05447182981204343,0.029188361286863366,0.02534495982082678,0.018930931694518868,0.034315232191327136,0.3674086071864133,0.4420813665592347,6,Standing Valve Leak
0.8221544047013829,0.14851598311328496,0.49591973696570535,0.5278360322860532,0.0,0.06395304182524147,0.005851504301788462,0.01325717400677575,0.025566994113533147,0.018282983784053887,0.2569933495663131,0.3850189111414162,7,Pump Off / High Viscous Friction
0.8957750608100401,0.030765822219338906,0.49591973696570535,0.4678840884394509,0.0,0.11194517147004072,-0.03543868801114752,0.04995579224037961,0.03137946358212008,0.062162422115443025,0.316876251616762,0.5200576108751825,1,Severe Rod Floating & Impact Loading
0.8945177130376809,0.03125689463004639,0.49591973696570535,0.4680627731848289,0.0,0.11378965062102002,-0.03871264168021628,0.049702694570996554,0.031113895062378983,0.06120136410146866,0.30559149997057317,0.5118870632983368,1,Severe Rod Floating & Impact Loading
0.7684185596855162,-0.15550601797299565,0.49591973696570535,0.5420287508524788,0.0,0.10739766585343313,-0.10900123750273047,0.03861178757954781,0.04728923763851407,0.05588647640118396,0.17937501058129363,0.45469323026041647,2,Fluid Pound (Underfilled)
0.7690099297850654,0.22828518883842347,0.49591973696570535,0.47160441383250584,0.0,-0.00018088314366140632,0.18486649434388988,0.0690275179076795,0.08962330238455332,0.05982634978002614,0.3212432691298106,0.4792048729909537,3,Gas Interference
0.8358556735923859,-0.0274904819780311,0.49591973696570535,0.4942401311178467,0.0,0.10552931683837981,0.09917994164744522,0.040795802000177794,0.02798380264002586,0.055443871885566424,0.418024508505286,0.5127916459266549,4,Unanchored Tubing
0.881337056176541,0.034083365699529335,0.49591973696570535,0.4636160167744883,0.0,0.12444240306262673,0.019314166071481318,0.041855474090623915,0.05061291699938736,0.05224671673244289,0.4736021025662986,0.46943720702503705,5,Traveling Valve Leak
0.8932182374330129,0.03176389794780231,0.49591973696570535,0.46824744481876335,0.0,0.11569592962569208,-0.042096290196005415,0.0494786570965459,0.0308485865602157,0.060223382695632106,0.29392864917356215,0.5037165157214911,6,Standing Valve Leak
0.8827408522186477,0.035832446190283314,0.49591973696570535,0.46973641147573025,0.0,0.13106583682995965,-0.06937790194962358,0.049105584460991586,0.029077089795558616,0.05300275596405199,0.19989365532012554,0.44652268268357076,7,Pump Off / High Viscous Friction
0.8742128392152733,0.02809393102606796,0.49591973696570535,0.46227128997736755,0.0,0.2020634808581636,-0.10803873718122924,0.05507191990142852,0.04712335543650504,0.0485938747607274,0.29163838525986663,0.569518020997269,1,Severe Rod Floating & Impact Loading
0.872742568333905,0.02850393410519614,0.49591973696570535,0.4623498852339638,0.0,0.20509891902344232,-0.11211430411764105,0.05569961930735282,0.047143826948141815,0.04798433767458961,0.28097063568992564,0.5613260240130596,1,Severe Rod Floating & Impact Loading
0.7585507596907366,-0.14029772354238487,0.49591973696570535,0.5302668763034634,0.0,0.1946194644448365,-0.17267686775841887,0.06153239160855559,0.06026853494151642,0.039274340399332884,0.1666553345495659,0.5039820451235942,2,Fluid Pound (Underfilled)
0.7710545772581998,0.206969466844426,0.49591973696570535,0.453345207207707,0.0,-0.0001595855517815922,0.1644635478129312,0.06268680005599236,0.09816256215595275,0.05367728502950379,0.28722642033833956,0.5285580360762223,3,Gas Interference
0.8216353105467729,-0.025115940160694072,0.49591973696570535,0.48739233521143555,0.0,0.19280119449269773,0.017925218111694063,0.014627740257861016,0.04309483389923358,0.043952085020970796,0.3857094460910978,0.5612726185298431,4,Unanchored Tubing
0.8596374455025835,0.030858811324264244,0.49591973696570535,0.4581899692722437,0.0,0.22258287816410116,-0.06604600684481643,0.03931016413331533,0.06637210799514383,0.040194008216265134,0.43067294314263205,0.5184904833783801,5,Traveling Valve Leak
0.871227450341685,0.028926081597155966,0.49591973696570535,0.4624308778516377,0.0,0.20822694599912744,-0.11631418651489507,0.05639072122758629,0.04717076263776438,0.04740466614132314,0.2699774918313796,0.5531340270288504,6,Standing Valve Leak
0.8591729425071044,0.03227172481586763,0.49591973696570535,0.46307526736407795,0.0,0.2331140015808283,-0.14972908589701203,0.0632941365874735,0.047594271031818305,0.044734028924862945,0.18251437711020907,0.49579004813938504,7,Pump Off / High Viscous Friction
0.9680964357594757,0.5638347378360853,0.49591973696570535,0.45799736783268336,0.0,0.0005334962846850401,0.1603568801089244,0.10279213082791629,0.05580784201871674,0.13146310073806575,0.9843364686991792,0.3614566403649505,0,Normal Fillage (Optimal)
0.967946180497556,0.5768610262831483,0.49591973696570535,0.45808144551945984,0.0,0.0005626247251014461,0.1602094929761471,0.10269332713314784,0.05572500711372034,0.131331505062917,0.9834542140172832,0.35329446915910956,1,Severe Rod Floating & Impact Loading
0.5863033357200962,0.39544609157022453,0.49591973696570535,0.6768719652349173,0.0,0.00046975236653625137,-0.07875338129899698,0.08128268894854979,0.07878397024349684,0.11125212859974029,0.501852265020371,0.2961656392413549,2,Fluid Pound (Underfilled)
0.7562529130917426,0.3411689096417318,0.49591973696570535,0.5883293656589897,0.0,-0.0003166449452091098,0.3154278169190783,0.10396430649365417,0.05818054233955533,0.09400302098332106,0.5413137047185698,0.32064872217668033,3,Gas Interference
0.6559228353525199,0.4397450310703376,0.49591973696570535,0.4686842231642768,0.0,0.00015728967763879302,0.4421533608775307,0.17464931888224067,0.036430353215031144,0.08818054463296636,0.9998427103223612,0.38513553063465356,4,Unanchored Tubing
0.47929291889446546,0.3881797577607365,0.49591973696570535,0.5565301117931426,0.3348733805980509,0.0004000432544896899,0.24688978851515833,0.15740279625684678,0.059128465128582566,0.05968447234226133,1.0,0.34364330508252294,5,Traveling Valve Leak
0.9677781327883359,0.5905033332482524,0.49591973696570535,0.4581750275705524,0.0,0.0005951173698129353,0.16004500961989848,0.1025829686453748,0.05563261112505485,0.13118470276819322,0.9824696108416704,0.3451323618076921,6,Standing Valve Leak
0.9655977737980024,0.7076313914485358,0.49591973696570535,0.45929450062113963,0.0,0.0009988654547847726,0.15798567767447855,0.1011791944130348,0.05448320101302409,0.12935577996350545,0.9701400559720234,0.28800560930754865,7,Pump Off / High Viscous Friction
0.9673546859598829,0.5616604994593173,0.49591973696570535,0.4583963083465636,0.0,0.0006742574087461925,0.15964201346142726,0.10230902719152127,0.05540718391439619,0.13082619527440623,0.980056905614916,0.36208315477544356,0,Normal Fillage (Optimal)
0.9671586465717876,0.574642538868963,0.49591973696570535,0.4584987527268571,0.0,0.0007108961642272356,0.15945544193696176,0.10218224233080313,0.055302862918954615,0.1306602717034669,0.9789399170710337,0.3539031516136248,1,Severe Rod Floating & Impact Loading
0.5875804692302005,0.3933622732205831,0.49591973696570535,0.6760858839379992,0.0,0.0005946682663262614,-0.07817710859948726,0.0808310066741291,0.07844967054809146,0.11088695232477609,0.5005068832195521,0.29664735271958903,2,Fluid Pound (Underfilled)
0.7565942038722966,0.3406005330644183,0.49591973696570535,0.5878304500670927,0.0,-0.0003158449439090974,0.31484763432756413,0.10381185597916762,0.05814134434382512,0.09395512790905748,0.5412240895320235,0.32118380420250986,3,Gas Interference
0.658913817069184,0.4392996161911537,0.49591973696570535,0.46848346646107814,0.0,0.0002630100558608737,0.44165635342484266,0.1740183909690026,0.036368149889513375,0.08824615498373124,0.9997369899441392,0.3854738836777867,4,Unanchored Tubing
0.4826917338008947,0.3878106480868661,0.49591973696570535,0.5561304784229874,0.3322921992712785,0.0005082037227163251,0.24674600153787846,0.15621397209439528,0.059082254018885665,0.05978904317780457,1.0,0.34397037724748925,5,Traveling Valve Leak
0.9669400776068944,0.5882389029131803,0.49591973696570535,0.4586129703969713,0.0,0.0007517455819789809,0.15924742891786764,0.1020409162495006,0.05518658511990628,0.13047531795217648,0.9776945600425567,0.34572314845180596,6,Standing Valve Leak
0.9641722177558147,0.7049912919035066,0.49591973696570535,0.4599981033806633,0.0,0.001257509778003459,0.1566616157270707,0.10027084593751816,0.05374763347529753,0.12818402782513308,0.962211962622199,0.28846853555861535,7,Pump Off / High Viscous Friction
0.9667626295403053,0.5597352729779177,0.49591973696570535,0.4587056995030566,0.0,0.0007849097148882222,0.15907855083363182,0.10192620159745609,0.05509220843322444,0.13032519059020273,0.9766835006863944,0.36270825112561356,0,Normal Fillage (Optimal)
0.966535255211177,0.5726846903854697,0.49591973696570535,0.45882451859583284,0.0,0.0008274048100240323,0.15886215771171255,0.10177924099475612,0.054971310936767534,0.1301328628081534,0.9753879726638225,0.35450677373353007,1,Severe Rod Floating & Impact Loading
0.5887428606807639,0.39160667041655706,0.49591973696570535,0.6753769148321245,0.0,0.0006934237396397199,-0.07762586789715767,0.08041634623045339,0.07817317219584997,0.11060291566327264,0.49963684038507744,0.2971035781874933,2,Fluid Pound (Underfilled)
0.7569484587501201,0.34004931326358084,0.49591973696570535,0.5873709224602046,0.0,-0.00031507040733464803,0.314317789790717,0.1036707906462124,0.05808948853125394,0.0939313931181955,0.5413418375609386,0.32170444302070234,3,Gas Interference
0.6614613472353241,0.4388147847149845,0.49591973696570535,0.46831700822937594,0.0,0.0003471502587017966,0.4411141370689798,0.17344595310642083,0.036329452873658755,0.08832207887062059,0.9996528497412982,0.3858580195155716,4,Unanchored Tubing
0.4856551302466414,0.3873925396239728,0.49591973696570535,0.5557599329996229,0.33006146561719635,0.0005941816444648508,0.24658783438871554,0.15517662049703645,0.05904005544266174,0.059906042220461184,1.0,0.3443416206530834,5,Traveling Valve Leak
0.9662817738708238,0.5862474451035052,0.49591973696570535,0.4589569029929106,0.0,0.0008747645912056926,0.1586209795788881,0.10161546747436394,0.05483661426673007,0.12991856372460686,0.9739440568447469,0.34630530785391145,6,Standing Valve Leak
0.9630441920758877,0.7027253217051828,0.49591973696570535,0.460540208065391,0.0,0.0014594143290664323,0.15562546545771547,0.0995569890450422,0.053173847322890586,0.12726926583023682,0.9560074214159947,0.28890463412148465,7,Pump Off / High Viscous Friction
0.9639266820437999,0.5549068824726449,0.49591973696570535,0.460119290902884,0.0,0.001302058302356523,0.15643356121122176,0.1001145171882549,0.05362107710538235,0.1279823666929012,0.9608464392839295,0.3629617317537918,0,Normal Fillage (Optimal)
0.9635411610617339,0.5676681453169574,0.49591973696570535,0.4603059265917653,0.0,0.0013713189802100783,0.15607836432653538,0.0998701413974294,0.05342426657591251,0.12766864415600493,0.9587195307613041,0.3548022989944447,1,Severe Rod Floating & Impact Loading
0.5907968770020737,0.38550077943524996,0.49591973696570535,0.6739416983283261,0.0,0.0011498817492806373,-0.07713021413974104,0.07974016812714405,0.07714772028599604,0.10917572917267303,0.49142240151483435,0.29769232019834607,2,Fluid Pound (Underfilled)
0.7565905187677657,0.33956000068081854,0.49591973696570535,0.5864349311247793,0.0,-0.0003143839418152054,0.3132533452985193,0.1034434883771187,0.05830818344019998,0.09349780410536224,0.5376413490580672,0.32216802539667405,3,Gas Interference
0.6694695238073436,0.4391750022070018,0.49591973696570535,0.46775009534347506,0.0,0.0007414500715489679,0.4415741571796568,0.17244522202293627,0.03589502239423923,0.08811674770859534,0.9988162846378966,0.38521272339076823,4,Unanchored Tubing
0.49393614787673457,0.3881334013087492,0.49591973696570535,0.555164844641088,0.3234339259058409,0.001000289357862842,0.24679919284894836,0.15234744641005166,0.05896170816616497,0.05972024358792967,1.0,0.34368434788976165,5,Traveling Valve Leak
0.9631065896536235,0.5810287198290179,0.49591973696570535,0.4605107925548106,0.0,0.0014483534046737742,0.15568232975544027,0.09959629954324933,0.05320528046672609,0.12731940040860107,0.9563479437795757,0.34664373059500203,6,Standing Valve Leak
0.9577926575483211,0.695631348563347,0.49591973696570535,0.46299785679978445,0.0,0.0023869340714834614,0.15085386263943037,0.09626139039121381,0.05054618559121569,0.12307379326166745,0.9274329990742783,0.2895354895093947,7,Pump Off / High Viscous Friction
0.9602412009254007,0.5463885599462943,0.49591973696570535,0.46186159615196104,0.0,0.0019562873538917793,0.15307103739979996,0.09779339677788848,0.05176437985192427,0.12502007119399788,0.9407106549969371,0.3646924196579927,0,Normal Fillage (Optimal)
0.9596673125698629,0.5589210224844039,0.49591973696570535,0.4621321390096844,0.0,0.002058017836728864,0.15254804020188265,0.09743286943252037,0.05147642494976433,0.12456027316650983,0.9375787734982306,0.35651506739634314,1,Severe Rod Floating & Impact Loading
0.5950376765251804,0.37638399275416723,0.49591973696570535,0.6711234534242991,0.0,0.001733973347032298,-0.07546066954182452,0.07826749257018357,0.07570102862125355,0.10739274920585389,0.4829680611816645,0.2992841454955163,2,Fluid Pound (Underfilled)
0.7570940382246718,0.3378373533637982,0.49591973696570535,0.5845558115643267,0.0,-0.00031197528168932305,0.3111227305182136,0.1029243041296883,0.05837231113720525,0.09308984990157157,0.5349215743970516,0.32381077413080145,3,Gas Interference
0.681470727631325,0.43789236825253836,0.49591973696570535,0.46711085274415887,0.0,0.0012614250440299197,0.4402642927791591,0.1703438035561304,0.03541262648188763,0.08803706895993976,0.9970705466580072,0.3856627773850433,4,Unanchored Tubing
0.5077735963292902,0.38773126554994236,0.49591973696570535,0.5537919888733086,0.3126979422491133,0.0015363541954734501,0.2465908645064456,0.14761432067647834,0.058799741926566444,0.05985049657321985,1.0,0.3440408003564789,5,Traveling Valve Leak
0.9590304636867604,0.5720418930898997,0.49591973696570535,0.4624323627642021,0.0,0.0021709090354218945,0.15196766567755737,0.09703300899518684,0.05115712847238311,0.12405031172079335,0.9341032974492307,0.3483377151346935,6,Standing Valve Leak
0.9512688470267321,0.6844997509825002,0.49591973696570535,0.4659683422766516,0.0,0.0035236165150156176,0.1449914449925844,0.09221115513075982,0.0473472447657332,0.11795220766315638,0.8923241258118636,0.29110860261708793,7,Pump Off / High Viscous Friction
0.9571144875006983,0.538819385534712,0.49591973696570535,0.4633066478461593,0.0,0.0025050956864342364,0.15024444640307608,0.09583927269405758,0.05021237909828818,0.1225400195011792,0.9237833243675085,0.36631406070342704,0,Normal Fillage (Optimal)
0.956381295142334,0.5511525189255261,0.49591973696570535,0.46364049219143255,0.0,0.002632844166977148,0.14958558609344982,0.09538319013619205,0.049851815833048645,0.12196329652828258,0.9198375387715686,0.35811705530391685,1,Severe Rod Floating & Impact Loading
0.598733325168169,0.36838171569669254,0.49591973696570535,0.6686732650165144,0.0,0.002227946993879661,-0.07397849709847576,0.07697438788437969,0.07446415510606398,0.1058801751342259,0.4759574326369464,0.30073875955958995,2,Fluid Pound (Underfilled)
0.7575821472817985,0.3362607194227089,0.49591973696570535,0.5828740280673722,0.0,-0.00030978174011140827,0.30922273013376367,0.1024581344460846,0.058422869785775024,0.09274571678817937,0.53270352044518,0.3253290337058761,3,Gas Interference
0.6915551437396203,0.4363366558424476,0.49591973696570535,0.4666804172594264,0.0,0.0017136166103161694,0.43868654378310795,0.16851017454350178,0.034970548377614055,0.08790972943651139,0.9948153468766058,0.3862023731142789,4,Unanchored Tubing
0.5200789738284612,0.38728362388708154,0.49591973696570535,0.5525504937645731,0.303169100332409,0.0020052929425082126,0.24637497924304982,0.14345192629473055,0.05865576055592297,0.059990663938321205,1.0,0.3444384598144694,5,Traveling Valve Leak
0.9555693055350947,0.5640634686548155,0.49591973696570535,0.4640102152739311,0.0,0.0027743219624813595,0.14885591710830795,0.09487843475962014,0.04945290002081279,0.12132502586980352,0.9154676938601192,0.3499200499044066,6,Standing Valve Leak
0.945939018156368,0.6746920823537912,0.49591973696570535,0.4683669917108421,0.0,0.004446959052075923,0.1402242097465568,0.08892685809553447,0.04476823254196059,0.11381098959406173,0.863773333668162,0.29254399490262023,7,Pump Off / High Viscous Friction
0.9185085314289587,0.43570552707734495,0.49591973696570535,0.48056577426745073,0.0,0.00917152637753625,0.11580451199373909,0.07229997448361059,0.031905523420475805,0.09290636690075273,0.7175207666531003,0.38480667909218086,0,Normal Fillage (Optimal)
0.9164233858737312,0.4451365674565846,0.49591973696570535,0.4814858696530072,0.0,0.009529311312775717,0.11395391987088868,0.07105396242432718,0.03095920749210104,0.0913427520712216,0.706437149234423,0.3766538388313694,1,Severe Rod Floating & Impact Loading
0.6375871128829722,0.2550313211955224,0.49591973696570535,0.6418346426170705,0.0,0.00836482658738327,-0.05979107398936166,0.06318749261457123,0.059474029930760654,0.08629186388527733,0.38001389380934414,0.319591383413551,2,Fluid Pound (Underfilled)
0.7594531200398862,0.317966625178283,0.49591973696570535,0.5612656836480554,0.0,-0.0002850710450057164,0.2850417500252192,0.09661654189740418,0.06122168224889333,0.08680713113292306,0.48997999205188936,0.34404672144975884,3,Gas Interference
0.7866910580674364,0.39026846497686424,0.49591973696570535,0.47300276053658197,0.0,0.008108428028133692,0.3979106641749971,0.14600860536940755,0.025815510379148577,0.07865123689947433,0.9036592993570861,0.392675832140374,4,Unanchored Tubing
0.6987941745851423,0.3870931065661625,0.49591973696570535,0.5350840768064979,0.16223947152947502,0.009429098593602192,0.2451241819323451,0.09400092324322319,0.05705420250850649,0.06018054283871299,0.9983687259042193,0.3446079836098359,5,Traveling Valve Leak
0.9141641225553645,0.45498360896711976,0.49591973696570535,0.4824781170691969,0.0,0.009916091703408753,0.11195249052946149,0.06970757508456324,0.02994152946508012,0.08965511744443355,0.6944500069162007,0.36850205948596676,6,Standing Valve Leak
0.8911760081273528,0.5383464233407322,0.49591973696570535,0.4925742829117669,0.0,0.013851601037844554,0.09158784938902331,0.056156467388800084,0.0200351698555015,0.07266899315632339,0.572480249324919,0.3114396040681483,7,Pump Off / High Viscous Friction
0.8983622731930829,0.35975640020826827,0.49591973696570535,0.4894181421974213,0.0,0.012621329919503026,0.09795399610636113,0.06036369855640606,0.023023055876043103,0.07794279351386899,0.6106089532166052,0.40049123688112226,0,Normal Fillage (Optimal)
0.8959357498824847,0.36724875751725705,0.49591973696570535,0.49048384864504657,0.0,0.013036744814404313,0.09580439498992255,0.05894014451430415,0.022000110341613047,0.07615836713876563,0.5977343670512085,0.39232068930427644,1,Severe Rod Floating & Impact Loading
0.6593816692766588,0.17386563873679428,0.49591973696570535,0.6268123605478139,0.0,0.011689164330179627,-0.05161318900284491,0.055098023373002854,0.05126066820928755,0.07523676501135411,0.32900157633642824,0.33512685626635613,2,Fluid Pound (Underfilled)
0.7612559069480973,0.30418149121453647,0.49591973696570535,0.5461116935260429,0.0,-0.0002673092609994297,0.2681057915310749,0.09232614827379904,0.06407648079903376,0.08268651913590729,0.46212002553656184,0.3596384989968934,3,Gas Interference
0.8154612925855709,0.3331267395233387,0.49591973696570535,0.4826127169832609,0.0,0.011851103715294329,0.35424526786335697,0.1291744831136984,0.01929591954209944,0.06929555592092365,0.8075180421990915,0.4031401182484941,4,Unanchored Tubing
0.8047182539734088,0.37559029149008283,0.49591973696570535,0.4985277636444723,0.04817638303557243,0.014593092038548527,0.23329701753977156,0.08366866641232283,0.0550270529856083,0.05933766774725977,0.9541220314884012,0.35516193561290393,5,Traveling Valve Leak
0.8933440584670702,0.3750598269921742,0.49591973696570535,0.49162209538662627,0.0,0.01348043608753009,0.09350847525336156,0.05742299863298549,0.020922807575001014,0.07425661131590605,0.5839834361221429,0.3841501417274307,6,Standing Valve Leak
0.8687179150126152,0.44066831520333904,0.49591973696570535,0.5024376683279281,0.0,0.01769637201127378,0.07169274192327386,0.043176671122608215,0.01210893542359967,0.05639792835386827,0.45332266544629013,0.32695630868951037,7,Pump Off / High Viscous Friction
0.8862369929453848,0.3030598135408929,0.49591973696570535,0.49474345239856027,0.0,0.014697148436368265,0.08721248958807033,0.05328009169971645,0.018067498263455443,0.06906337139184965,0.5462749471731824,0.4131619934665748,0,Normal Fillage (Optimal)
0.8837231161142736,0.30919030493563043,0.49591973696570535,0.49584752369915125,0.0,0.015127518041732489,0.08498550399962146,0.05182080518018277,0.017100550016627875,0.06723409161877787,0.5329368829024099,0.4049699964823655,1,Severe Rod Floating & Impact Loading
0.6729335766039561,0.11413423808634729,0.49591973696570535,0.6174819885663727,0.0,0.013742595442486141,-0.04650574015601169,0.04993999850159457,0.046249443579516734,0.06823918719506561,0.2976048653794247,0.34762601759290007,2,Fluid Pound (Underfilled)
0.7626158964487004,0.29391398329773194,0.49591973696570535,0.5352567633580708,0.0,-0.0002545305026906541,0.25597260734238436,0.08915635441236291,0.06662305260947796,0.07967177047285542,0.44240481868768694,0.3722020085455281,3,Gas Interference
0.8254554439551569,0.28440794812602865,0.49591973696570535,0.48919758814201764,0.0,0.014144833035445599,0.3221007166408498,0.11726147108373372,0.015321392019186362,0.06259988003024676,0.7366844402501581,0.4131487591005537,4,Unanchored Tubing
0.8437909184557473,0.34201816214932423,0.49591973696570535,0.484964174337507,0.0,0.01756853300550462,0.2147341022878424,0.08128503278072534,0.05065129930401022,0.0553706393971662,0.8812486426744038,0.3660998466142748,5,Traveling Valve Leak
0.8810575727868173,0.31557394023996443,0.49591973696570535,0.4970182055129573,0.0,0.01558385258275813,0.08262416055503623,0.050276964938916445,0.016106097913789613,0.06529880314056385,0.5187941103615321,0.3967779994981561,6,Standing Valve Leak
0.8566905447907835,0.36888699747192594,0.49591973696570535,0.5077199773572272,0.0,0.019755428569608772,0.06103797164196606,0.03632959847310426,0.00993398573677707,0.04781392353577898,0.3895081479480483,0.33943402060869077,7,Pump Off / High Viscous Friction
0.849571632007228,0.12474551180796918,0.49591973696570535,0.5148898070190583,0.0,0.05225827794642562,0.03463675156070826,0.028328207113791293,0.017887258429444317,0.038125657360918476,0.3931869464069079,0.4583849252500399,1,Severe Rod Floating & Impact Loading
0.8470307182546382,0.12700411470257542,0.49591973696570535,0.5160896089340387,0.0,0.05334209966338726,0.03196905545067031,0.026862819355522857,0.018365462828717267,0.03625718067072648,0.38056509448270287,0.45023314590463726,1,Severe Rod Floating & Impact Loading
0.6972827652760323,-0.06949214265662434,0.49591973696570535,0.6025836434772346,0.0,0.04986100571276968,-0.06060813637784501,0.04336977021600487,0.040967516185647396,0.04135975899586231,0.21978550270698216,0.39317069048681885,2,Fluid Pound (Underfilled)
0.7656084784499448,0.2619457779246172,0.49591973696570535,0.5026374463182817,0.0,-0.00021702028589661856,0.21954104392656884,0.07922179476669984,0.07700356842415651,0.0697493468926226,0.37931625649757333,0.41762602852302677,3,Gas Interference
0.8232010972632828,0.11676333072109513,0.49591973696570535,0.5124700003944189,0.0,0.05005840866218719,0.2097478085401873,0.07512567039744852,0.018316130769765338,0.03466419209209579,0.5449678211900223,0.45353540856606855,4,Unanchored Tubing
0.8216387543932306,0.13983768664758184,0.49591973696570535,0.5145199500295574,0.0,0.05960851900257142,0.11521117371944017,0.04238266632745141,0.041768982829859844,0.024464217312933658,0.6050365453614301,0.40891310115478613,5,Traveling Valve Leak
0.8443821766850146,0.1293460128175571,0.49591973696570535,0.5173402319604609,0.0,0.05447182981204343,0.029188361286863366,0.02534495982082678,0.018930931694518868,0.034315232191327136,0.3674086071864133,0.4420813665592347,6,Standing Valve Leak
0.8221544047013829,0.14851598311328496,0.49591973696570535,0.5278360322860532,0.0,0.06395304182524147,0.005851504301788462,0.01325717400677575,0.025566994113533147,0.018282983784053887,0.2569933495663131,0.3850189111414162,7,Pump Off / High Viscous Friction
0.8957750608100401,0.030765822219338906,0.49591973696570535,0.4678840884394509,0.0,0.11194517147004072,-0.03543868801114752,0.04995579224037961,0.03137946358212008,0.062162422115443025,0.316876251616762,0.5200576108751825,1,Severe Rod Floating & Impact Loading
0.8945177130376809,0.03125689463004639,0.49591973696570535,0.4680627731848289,0.0,0.11378965062102002,-0.03871264168021628,0.049702694570996554,0.031113895062378983,0.06120136410146866,0.30559149997057317,0.5118870632983368,1,Severe Rod Floating & Impact Loading
0.7684185596855162,-0.15550601797299565,0.49591973696570535,0.5420287508524788,0.0,0.10739766585343313,-0.10900123750273047,0.03861178757954781,0.04728923763851407,0.05588647640118396,0.17937501058129363,0.45469323026041647,2,Fluid Pound (Underfilled)
0.7690099297850654,0.22828518883842347,0.49591973696570535,0.47160441383250584,0.0,-0.00018088314366140632,0.18486649434388988,0.0690275179076795,0.08962330238455332,0.05982634978002614,0.3212432691298106,0.4792048729909537,3,Gas Interference
0.8358556735923859,-0.0274904819780311,0.49591973696570535,0.4942401311178467,0.0,0.10552931683837981,0.09917994164744522,0.040795802000177794,0.02798380264002586,0.055443871885566424,0.418024508505286,0.5127916459266549,4,Unanchored Tubing
0.881337056176541,0.034083365699529335,0.49591973696570535,0.4636160167744883,0.0,0.12444240306262673,0.019314166071481318,0.041855474090623915,0.05061291699938736,0.05224671673244289,0.4736021025662986,0.46943720702503705,5,Traveling Valve Leak
0.8932182374330129,0.03176389794780231,0.49591973696570535,0.46824744481876335,0.0,0.11569592962569208,-0.042096290196005415,0.0494786570965459,0.0308485865602157,0.060223382695632106,0.29392864917356215,0.5037165157214911,6,Standing Valve Leak
0.8827408522186477,0.035832446190283314,0.49591973696570535,0.46973641147573025,0.0,0.13106583682995965,-0.06937790194962358,0.049105584460991586,0.029077089795558616,0.05300275596405199,0.19989365532012554,0.44652268268357076,7,Pump Off / High Viscous Friction
0.8742128392152733,0.02809393102606796,0.49591973696570535,0.46227128997736755,0.0,0.2020634808581636,-0.10803873718122924,0.05507191990142852,0.04712335543650504,0.0485938747607274,0.29163838525986663,0.569518020997269,1,Severe Rod Floating & Impact Loading
0.872742568333905,0.02850393410519614,0.49591973696570535,0.4623498852339638,0.0,0.20509891902344232,-0.11211430411764105,0.05569961930735282,0.047143826948141815,0.04798433767458961,0.28097063568992564,0.5613260240130596,1,Severe Rod Floating & Impact Loading
0.7585507596907366,-0.14029772354238487,0.49591973696570535,0.5302668763034634,0.0,0.1946194644448365,-0.17267686775841887,0.06153239160855559,0.06026853494151642,0.039274340399332884,0.1666553345495659,0.5039820451235942,2,Fluid Pound (Underfilled)
0.7710545772581998,0.206969466844426,0.49591973696570535,0.453345207207707,0.0,-0.0001595855517815922,0.1644635478129312,0.06268680005599236,0.09816256215595275,0.05367728502950379,0.28722642033833956,0.5285580360762223,3,Gas Interference
0.8216353105467729,-0.025115940160694072,0.49591973696570535,0.48739233521143555,0.0,0.19280119449269773,0.017925218111694063,0.014627740257861016,0.04309483389923358,0.043952085020970796,0.3857094460910978,0.5612726185298431,4,Unanchored Tubing
0.8596374455025835,0.030858811324264244,0.49591973696570535,0.4581899692722437,0.0,0.22258287816410116,-0.06604600684481643,0.03931016413331533,0.06637210799514383,0.040194008216265134,0.43067294314263205,0.5184904833783801,5,Traveling Valve Leak
0.871227450341685,0.028926081597155966,0.49591973696570535,0.4624308778516377,0.0,0.20822694599912744,-0.11631418651489507,0.05639072122758629,0.04717076263776438,0.04740466614132314,0.2699774918313796,0.5531340270288504,6,Standing Valve Leak
0.8591729425071044,0.03227172481586763,0.49591973696570535,0.46307526736407795,0.0,0.2331140015808283,-0.14972908589701203,0.0632941365874735,0.047594271031818305,0.044734028924862945,0.18251437711020907,0.49579004813938504,7,Pump Off / High Viscous Friction
0.9680964357594757,0.5638347378360853,0.49591973696570535,0.45799736783268336,0.0,0.0005334962846850401,0.1603568801089244,0.10279213082791629,0.05580784201871674,0.13146310073806575,0.9843364686991792,0.3614566403649505,0,Normal Fillage (Optimal)
0.967946180497556,0.5768610262831483,0.49591973696570535,0.45808144551945984,0.0,0.0005626247251014461,0.1602094929761471,0.10269332713314784,0.05572500711372034,0.131331505062917,0.9834542140172832,0.35329446915910956,1,Severe Rod Floating & Impact Loading
0.5863033357200962,0.39544609157022453,0.49591973696570535,0.6768719652349173,0.0,0.00046975236653625137,-0.07875338129899698,0.08128268894854979,0.07878397024349684,0.11125212859974029,0.501852265020371,0.2961656392413549,2,Fluid Pound (Underfilled)
0.7562529130917426,0.3411689096417318,0.49591973696570535,0.5883293656589897,0.0,-0.0003166449452091098,0.3154278169190783,0.10396430649365417,0.05818054233955533,0.09400302098332106,0.5413137047185698,0.32064872217668033,3,Gas Interference
0.6559228353525199,0.4397450310703376,0.49591973696570535,0.4686842231642768,0.0,0.00015728967763879302,0.4421533608775307,0.17464931888224067,0.036430353215031144,0.08818054463296636,0.9998427103223612,0.38513553063465356,4,Unanchored Tubing
0.47929291889446546,0.3881797577607365,0.49591973696570535,0.5565301117931426,0.3348733805980509,0.0004000432544896899,0.24688978851515833,0.15740279625684678,0.059128465128582566,0.05968447234226133,1.0,0.34364330508252294,5,Traveling Valve Leak
0.9677781327883359,0.5905033332482524,0.49591973696570535,0.4581750275705524,0.0,0.0005951173698129353,0.16004500961989848,0.1025829686453748,0.05563261112505485,0.13118470276819322,0.9824696108416704,0.3451323618076921,6,Standing Valve Leak
0.9655977737980024,0.7076313914485358,0.49591973696570535,0.45929450062113963,0.0,0.0009988654547847726,0.15798567767447855,0.1011791944130348,0.05448320101302409,0.12935577996350545,0.9701400559720234,0.28800560930754865,7,Pump Off / High Viscous Friction
0.9673546859598829,0.5616604994593173,0.49591973696570535,0.4583963083465636,0.0,0.0006742574087461925,0.15964201346142726,0.10230902719152127,0.05540718391439619,0.13082619527440623,0.980056905614916,0.36208315477544356,0,Normal Fillage (Optimal)
0.9671586465717876,0.574642538868963,0.49591973696570535,0.4584987527268571,0.0,0.0007108961642272356,0.15945544193696176,0.10218224233080313,0.055302862918954615,0.1306602717034669,0.9789399170710337,0.3539031516136248,1,Severe Rod Floating & Impact Loading
0.5875804692302005,0.3933622732205831,0.49591973696570535,0.6760858839379992,0.0,0.0005946682663262614,-0.07817710859948726,0.0808310066741291,0.07844967054809146,0.11088695232477609,0.5005068832195521,0.29664735271958903,2,Fluid Pound (Underfilled)
0.7565942038722966,0.3406005330644183,0.49591973696570535,0.5878304500670927,0.0,-0.0003158449439090974,0.31484763432756413,0.10381185597916762,0.05814134434382512,0.09395512790905748,0.5412240895320235,0.32118380420250986,3,Gas Interference
0.658913817069184,0.4392996161911537,0.49591973696570535,0.46848346646107814,0.0,0.0002630100558608737,0.44165635342484266,0.1740183909690026,0.036368149889513375,0.08824615498373124,0.9997369899441392,0.3854738836777867,4,Unanchored Tubing
0.4826917338008947,0.3878106480868661,0.49591973696570535,0.5561304784229874,0.3322921992712785,0.0005082037227163251,0.24674600153787846,0.15621397209439528,0.059082254018885665,0.05978904317780457,1.0,0.34397037724748925,5,Traveling Valve Leak
0.9669400776068944,0.5882389029131803,0.49591973696570535,0.4586129703969713,0.0,0.0007517455819789809,0.15924742891786764,0.1020409162495006,0.05518658511990628,0.13047531795217648,0.9776945600425567,0.34572314845180596,6,Standing Valve Leak
0.9641722177558147,0.7049912919035066,0.49591973696570535,0.4599981033806633,0.0,0.001257509778003459,0.1566616157270707,0.10027084593751816,0.05374763347529753,0.12818402782513308,0.962211962622199,0.28846853555861535,7,Pump Off / High Viscous Friction
0.9667626295403053,0.5597352729779177,0.49591973696570535,0.4587056995030566,0.0,0.0007849097148882222,0.15907855083363182,0.10192620159745609,0.05509220843322444,0.13032519059020273,0.9766835006863944,0.36270825112561356,0,Normal Fillage (Optimal)
0.966535255211177,0.5726846903854697,0.49591973696570535,0.45882451859583284,0.0,0.0008274048100240323,0.15886215771171255,0.10177924099475612,0.054971310936767534,0.1301328628081534,0.9753879726638225,0.35450677373353007,1,Severe Rod Floating & Impact Loading
0.5887428606807639,0.39160667041655706,0.49591973696570535,0.6753769148321245,0.0,0.0006934237396397199,-0.07762586789715767,0.08041634623045339,0.07817317219584997,0.11060291566327264,0.49963684038507744,0.2971035781874933,2,Fluid Pound (Underfilled)
0.7569484587501201,0.34004931326358084,0.49591973696570535,0.5873709224602046,0.0,-0.00031507040733464803,0.314317789790717,0.1036707906462124,0.05808948853125394,0.0939313931181955,0.5413418375609386,0.32170444302070234,3,Gas Interference
0.6614613472353241,0.4388147847149845,0.49591973696570535,0.46831700822937594,0.0,0.0003471502587017966,0.4411141370689798,0.17344595310642083,0.036329452873658755,0.08832207887062059,0.9996528497412982,0.3858580195155716,4,Unanchored Tubing
0.4856551302466414,0.3873925396239728,0.49591973696570535,0.5557599329996229,0.33006146561719635,0.0005941816444648508,0.24658783438871554,0.15517662049703645,0.05904005544266174,0.059906042220461184,1.0,0.3443416206530834,5,Traveling Valve Leak
0.9662817738708238,0.5862474451035052,0.49591973696570535,0.4589569029929106,0.0,0.0008747645912056926,0.1586209795788881,0.10161546747436394,0.05483661426673007,0.12991856372460686,0.9739440568447469,0.34630530785391145,6,Standing Valve Leak
0.9630441920758877,0.7027253217051828,0.49591973696570535,0.460540208065391,0.0,0.0014594143290664323,0.15562546545771547,0.0995569890450422,0.053173847322890586,0.12726926583023682,0.9560074214159947,0.28890463412148465,7,Pump Off / High Viscous Friction
0.9639266820437999,0.5549068824726449,0.49591973696570535,0.460119290902884,0.0,0.001302058302356523,0.15643356121122176,0.1001145171882549,0.05362107710538235,0.1279823666929012,0.9608464392839295,0.3629617317537918,0,Normal Fillage (Optimal)
0.9635411610617339,0.5676681453169574,0.49591973696570535,0.4603059265917653,0.0,0.0013713189802100783,0.15607836432653538,0.0998701413974294,0.05342426657591251,0.12766864415600493,0.9587195307613041,0.3548022989944447,1,Severe Rod Floating & Impact Loading
0.5907968770020737,0.38550077943524996,0.49591973696570535,0.6739416983283261,0.0,0.0011498817492806373,-0.07713021413974104,0.07974016812714405,0.07714772028599604,0.10917572917267303,0.49142240151483435,0.29769232019834607,2,Fluid Pound (Underfilled)
0.7565905187677657,0.33956000068081854,0.49591973696570535,0.5864349311247793,0.0,-0.0003143839418152054,0.3132533452985193,0.1034434883771187,0.05830818344019998,0.09349780410536224,0.5376413490580672,0.32216802539667405,3,Gas Interference
0.6694695238073436,0.4391750022070018,0.49591973696570535,0.46775009534347506,0.0,0.0007414500715489679,0.4415741571796568,0.17244522202293627,0.03589502239423923,0.08811674770859534,0.9988162846378966,0.38521272339076823,4,Unanchored Tubing
0.49393614787673457,0.3881334013087492,0.49591973696570535,0.555164844641088,0.3234339259058409,0.001000289357862842,0.24679919284894836,0.15234744641005166,0.05896170816616497,0.05972024358792967,1.0,0.34368434788976165,5,Traveling Valve Leak
0.9631065896536235,0.5810287198290179,0.49591973696570535,0.4605107925548106,0.0,0.0014483534046737742,0.15568232975544027,0.09959629954324933,0.05320528046672609,0.12731940040860107,0.9563479437795757,0.34664373059500203,6,Standing Valve Leak
0.9577926575483211,0.695631348563347,0.49591973696570535,0.46299785679978445,0.0,0.0023869340714834614,0.15085386263943037,0.09626139039121381,0.05054618559121569,0.12307379326166745,0.9274329990742783,0.2895354895093947,7,Pump Off / High Viscous Friction
0.9602412009254007,0.5463885599462943,0.49591973696570535,0.46186159615196104,0.0,0.0019562873538917793,0.15307103739979996,0.09779339677788848,0.05176437985192427,0.12502007119399788,0.9407106549969371,0.3646924196579927,0,Normal Fillage (Optimal)
0.9596673125698629,0.5589210224844039,0.49591973696570535,0.4621321390096844,0.0,0.002058017836728864,0.15254804020188265,0.09743286943252037,0.05147642494976433,0.12456027316650983,0.9375787734982306,0.35651506739634314,1,Severe Rod Floating & Impact Loading
0.5950376765251804,0.37638399275416723,0.49591973696570535,0.6711234534242991,0.0,0.001733973347032298,-0.07546066954182452,0.07826749257018357,0.07570102862125355,0.10739274920585389,0.4829680611816645,0.2992841454955163,2,Fluid Pound (Underfilled)
0.7570940382246718,0.3378373533637982,0.49591973696570535,0.5845558115643267,0.0,-0.00031197528168932305,0.3111227305182136,0.1029243041296883,0.05837231113720525,0.09308984990157157,0.5349215743970516,0.32381077413080145,3,Gas Interference
0.681470727631325,0.43789236825253836,0.49591973696570535,0.46711085274415887,0.0,0.0012614250440299197,0.4402642927791591,0.1703438035561304,0.03541262648188763,0.08803706895993976,0.9970705466580072,0.3856627773850433,4,Unanchored Tubing
0.5077735963292902,0.38773126554994236,0.49591973696570535,0.5537919888733086,0.3126979422491133,0.0015363541954734501,0.2465908645064456,0.14761432067647834,0.058799741926566444,0.05985049657321985,1.0,0.3440408003564789,5,Traveling Valve Leak
0.9590304636867604,0.5720418930898997,0.49591973696570535,0.4624323627642021,0.0,0.0021709090354218945,0.15196766567755737,0.09703300899518684,0.05115712847238311,0.12405031172079335,0.9341032974492307,0.3483377151346935,6,Standing Valve Leak
0.9512688470267321,0.6844997509825002,0.49591973696570535,0.4659683422766516,0.0,0.0035236165150156176,0.1449914449925844,0.09221115513075982,0.0473472447657332,0.11795220766315638,0.8923241258118636,0.29110860261708793,7,Pump Off / High Viscous Friction
0.9571144875006983,0.538819385534712,0.49591973696570535,0.4633066478461593,0.0,0.0025050956864342364,0.15024444640307608,0.09583927269405758,0.05021237909828818,0.1225400195011792,0.9237833243675085,0.36631406070342704,0,Normal Fillage (Optimal)
0.956381295142334,0.5511525189255261,0.49591973696570535,0.46364049219143255,0.0,0.002632844166977148,0.14958558609344982,0.09538319013619205,0.049851815833048645,0.12196329652828258,0.9198375387715686,0.35811705530391685,1,Severe Rod Floating & Impact Loading
0.598733325168169,0.36838171569669254,0.49591973696570535,0.6686732650165144,0.0,0.002227946993879661,-0.07397849709847576,0.07697438788437969,0.07446415510606398,0.1058801751342259,0.4759574326369464,0.30073875955958995,2,Fluid Pound (Underfilled)
0.7575821472817985,0.3362607194227089,0.49591973696570535,0.5828740280673722,0.0,-0.00030978174011140827,0.30922273013376367,0.1024581344460846,0.058422869785775024,0.09274571678817937,0.53270352044518,0.3253290337058761,3,Gas Interference
0.6915551437396203,0.4363366558424476,0.49591973696570535,0.4666804172594264,0.0,0.0017136166103161694,0.43868654378310795,0.16851017454350178,0.034970548377614055,0.08790972943651139,0.9948153468766058,0.3862023731142789,4,Unanchored Tubing
0.5200789738284612,0.38728362388708154,0.49591973696570535,0.5525504937645731,0.303169100332409,0.0020052929425082126,0.24637497924304982,0.14345192629473055,0.05865576055592297,0.059990663938321205,1.0,0.3444384598144694,5,Traveling Valve Leak
0.9555693055350947,0.5640634686548155,0.49591973696570535,0.4640102152739311,0.0,0.0027743219624813595,0.14885591710830795,0.09487843475962014,0.04945290002081279,0.12132502586980352,0.9154676938601192,0.3499200499044066,6,Standing Valve Leak
0.945939018156368,0.6746920823537912,0.49591973696570535,0.4683669917108421,0.0,0.004446959052075923,0.1402242097465568,0.08892685809553447,0.04476823254196059,0.11381098959406173,0.863773333668162,0.29254399490262023,7,Pump Off / High Viscous Friction
0.9185085314289587,0.43570552707734495,0.49591973696570535,0.48056577426745073,0.0,0.00917152637753625,0.11580451199373909,0.07229997448361059,0.031905523420475805,0.09290636690075273,0.7175207666531003,0.38480667909218086,0,Normal Fillage (Optimal)
0.9164233858737312,0.4451365674565846,0.49591973696570535,0.4814858696530072,0.0,0.009529311312775717,0.11395391987088868,0.07105396242432718,0.03095920749210104,0.0913427520712216,0.706437149234423,0.3766538388313694,1,Severe Rod Floating & Impact Loading
0.6375871128829722,0.2550313211955224,0.49591973696570535,0.6418346426170705,0.0,0.00836482658738327,-0.05979107398936166,0.06318749261457123,0.059474029930760654,0.08629186388527733,0.38001389380934414,0.319591383413551,2,Fluid Pound (Underfilled)
0.7594531200398862,0.317966625178283,0.49591973696570535,0.5612656836480554,0.0,-0.0002850710450057164,0.2850417500252192,0.09661654189740418,0.06122168224889333,0.08680713113292306,0.48997999205188936,0.34404672144975884,3,Gas Interference
0.7866910580674364,0.39026846497686424,0.49591973696570535,0.47300276053658197,0.0,0.008108428028133692,0.3979106641749971,0.14600860536940755,0.025815510379148577,0.07865123689947433,0.9036592993570861,0.392675832140374,4,Unanchored Tubing
0.6987941745851423,0.3870931065661625,0.49591973696570535,0.5350840768064979,0.16223947152947502,0.009429098593602192,0.2451241819323451,0.09400092324322319,0.05705420250850649,0.06018054283871299,0.9983687259042193,0.3446079836098359,5,Traveling Valve Leak
0.9141641225553645,0.45498360896711976,0.49591973696570535,0.4824781170691969,0.0,0.009916091703408753,0.11195249052946149,0.06970757508456324,0.02994152946508012,0.08965511744443355,0.6944500069162007,0.36850205948596676,6,Standing Valve Leak
0.8911760081273528,0.5383464233407322,0.49591973696570535,0.4925742829117669,0.0,0.013851601037844554,0.09158784938902331,0.056156467388800084,0.0200351698555015,0.07266899315632339,0.572480249324919,0.3114396040681483,7,Pump Off / High Viscous Friction
0.8983622731930829,0.35975640020826827,0.49591973696570535,0.4894181421974213,0.0,0.012621329919503026,0.09795399610636113,0.06036369855640606,0.023023055876043103,0.07794279351386899,0.6106089532166052,0.40049123688112226,0,Normal Fillage (Optimal)
0.8959357498824847,0.36724875751725705,0.49591973696570535,0.49048384864504657,0.0,0.013036744814404313,0.09580439498992255,0.05894014451430415,0.022000110341613047,0.07615836713876563,0.5977343670512085,0.39232068930427644,1,Severe Rod Floating & Impact Loading
0.6593816692766588,0.17386563873679428,0.49591973696570535,0.6268123605478139,0.0,0.011689164330179627,-0.05161318900284491,0.055098023373002854,0.05126066820928755,0.07523676501135411,0.32900157633642824,0.33512685626635613,2,Fluid Pound (Underfilled)
0.7612559069480973,0.30418149121453647,0.49591973696570535,0.5461116935260429,0.0,-0.0002673092609994297,0.2681057915310749,0.09232614827379904,0.06407648079903376,0.08268651913590729,0.46212002553656184,0.3596384989968934,3,Gas Interference
0.8154612925855709,0.3331267395233387,0.49591973696570535,0.4826127169832609,0.0,0.011851103715294329,0.35424526786335697,0.1291744831136984,0.01929591954209944,0.06929555592092365,0.8075180421990915,0.4031401182484941,4,Unanchored Tubing
0.8047182539734088,0.37559029149008283,0.49591973696570535,0.4985277636444723,0.04817638303557243,0.014593092038548527,0.23329701753977156,0.08366866641232283,0.0550270529856083,0.05933766774725977,0.9541220314884012,0.35516193561290393,5,Traveling Valve Leak
0.8933440584670702,0.3750598269921742,0.49591973696570535,0.49162209538662627,0.0,0.01348043608753009,0.09350847525336156,0.05742299863298549,0.020922807575001014,0.07425661131590605,0.5839834361221429,0.3841501417274307,6,Standing Valve Leak
0.8687179150126152,0.44066831520333904,0.49591973696570535,0.5024376683279281,0.0,0.01769637201127378,0.07169274192327386,0.043176671122608215,0.01210893542359967,0.05639792835386827,0.45332266544629013,0.32695630868951037,7,Pump Off / High Viscous Friction
0.8862369929453848,0.3030598135408929,0.49591973696570535,0.49474345239856027,0.0,0.014697148436368265,0.08721248958807033,0.05328009169971645,0.018067498263455443,0.06906337139184965,0.5462749471731824,0.4131619934665748,0,Normal Fillage (Optimal)
0.8837231161142736,0.30919030493563043,0.49591973696570535,0.49584752369915125,0.0,0.015127518041732489,0.08498550399962146,0.05182080518018277,0.017100550016627875,0.06723409161877787,0.5329368829024099,0.4049699964823655,1,Severe Rod Floating & Impact Loading
0.6729335766039561,0.11413423808634729,0.49591973696570535,0.6174819885663727,0.0,0.013742595442486141,-0.04650574015601169,0.04993999850159457,0.046249443579516734,0.06823918719506561,0.2976048653794247,0.34762601759290007,2,Fluid Pound (Underfilled)
0.7626158964487004,0.29391398329773194,0.49591973696570535,0.5352567633580708,0.0,-0.0002545305026906541,0.25597260734238436,0.08915635441236291,0.06662305260947796,0.07967177047285542,0.44240481868768694,0.3722020085455281,3,Gas Interference
0.8254554439551569,0.28440794812602865,0.49591973696570535,0.48919758814201764,0.0,0.014144833035445599,0.3221007166408498,0.11726147108373372,0.015321392019186362,0.06259988003024676,0.7366844402501581,0.4131487591005537,4,Unanchored Tubing
0.8437909184557473,0.34201816214932423,0.49591973696570535,0.484964174337507,0.0,0.01756853300550462,0.2147341022878424,0.08128503278072534,0.05065129930401022,0.0553706393971662,0.8812486426744038,0.3660998466142748,5,Traveling Valve Leak
0.8810575727868173,0.31557394023996443,0.49591973696570535,0.4970182055129573,0.0,0.01558385258275813,0.08262416055503623,0.050276964938916445,0.016106097913789613,0.06529880314056385,0.5187941103615321,0.3967779994981561,6,Standing Valve Leak
0.8566905447907835,0.36888699747192594,0.49591973696570535,0.5077199773572272,0.0,0.019755428569608772,0.06103797164196606,0.03632959847310426,0.00993398573677707,0.04781392353577898,0.3895081479480483,0.33943402060869077,7,Pump Off / High Viscous Friction
0.849571632007228,0.12474551180796918,0.49591973696570535,0.5148898070190583,0.0,0.05225827794642562,0.03463675156070826,0.028328207113791293,0.017887258429444317,0.038125657360918476,0.3931869464069079,0.4583849252500399,1,Severe Rod Floating & Impact Loading
0.8470307182546382,0.12700411470257542,0.49591973696570535,0.5160896089340387,0.0,0.05334209966338726,0.03196905545067031,0.026862819355522857,0.018365462828717267,0.03625718067072648,0.38056509448270287,0.45023314590463726,1,Severe Rod Floating & Impact Loading
0.6972827652760323,-0.06949214265662434,0.49591973696570535,0.6025836434772346,0.0,0.04986100571276968,-0.06060813637784501,0.04336977021600487,0.040967516185647396,0.04135975899586231,0.21978550270698216,0.39317069048681885,2,Fluid Pound (Underfilled)
0.7656084784499448,0.2619457779246172,0.49591973696570535,0.5026374463182817,0.0,-0.00021702028589661856,0.21954104392656884,0.07922179476669984,0.07700356842415651,0.0697493468926226,0.37931625649757333,0.41762602852302677,3,Gas Interference
0.8232010972632828,0.11676333072109513,0.49591973696570535,0.5124700003944189,0.0,0.05005840866218719,0.2097478085401873,0.07512567039744852,0.018316130769765338,0.03466419209209579,0.5449678211900223,0.45353540856606855,4,Unanchored Tubing
0.8216387543932306,0.13983768664758184,0.49591973696570535,0.5145199500295574,0.0,0.05960851900257142,0.11521117371944017,0.04238266632745141,0.041768982829859844,0.024464217312933658,0.6050365453614301,0.40891310115478613,5,Traveling Valve Leak
0.8443821766850146,0.1293460128175571,0.49591973696570535,0.5173402319604609,0.0,0.05447182981204343,0.029188361286863366,0.02534495982082678,0.018930931694518868,0.034315232191327136,0.3674086071864133,0.4420813665592347,6,Standing Valve Leak
0.8221544047013829,0.14851598311328496,0.49591973696570535,0.5278360322860532,0.0,0.06395304182524147,0.005851504301788462,0.01325717400677575,0.025566994113533147,0.018282983784053887,0.2569933495663131,0.3850189111414162,7,Pump Off / High Viscous Friction
0.8957750608100401,0.030765822219338906,0.49591973696570535,0.4678840884394509,0.0,0.11194517147004072,-0.03543868801114752,0.04995579224037961,0.03137946358212008,0.062162422115443025,0.316876251616762,0.5200576108751825,1,Severe Rod Floating & Impact Loading
0.8945177130376809,0.03125689463004639,0.49591973696570535,0.4680627731848289,0.0,0.11378965062102002,-0.03871264168021628,0.049702694570996554,0.031113895062378983,0.06120136410146866,0.30559149997057317,0.5118870632983368,1,Severe Rod Floating & Impact Loading
0.7684185596855162,-0.15550601797299565,0.49591973696570535,0.5420287508524788,0.0,0.10739766585343313,-0.10900123750273047,0.03861178757954781,0.04728923763851407,0.05588647640118396,0.17937501058129363,0.45469323026041647,2,Fluid Pound (Underfilled)
0.7690099297850654,0.22828518883842347,0.49591973696570535,0.47160441383250584,0.0,-0.00018088314366140632,0.18486649434388988,0.0690275179076795,0.08962330238455332,0.05982634978002614,0.3212432691298106,0.4792048729909537,3,Gas Interference
0.8358556735923859,-0.0274904819780311,0.49591973696570535,0.4942401311178467,0.0,0.10552931683837981,0.09917994164744522,0.040795802000177794,0.02798380264002586,0.055443871885566424,0.418024508505286,0.5127916459266549,4,Unanchored Tubing
0.881337056176541,0.034083365699529335,0.49591973696570535,0.4636160167744883,0.0,0.12444240306262673,0.019314166071481318,0.041855474090623915,0.05061291699938736,0.05224671673244289,0.4736021025662986,0.46943720702503705,5,Traveling Valve Leak
0.8932182374330129,0.03176389794780231,0.49591973696570535,0.46824744481876335,0.0,0.11569592962569208,-0.042096290196005415,0.0494786570965459,0.0308485865602157,0.060223382695632106,0.29392864917356215,0.5037165157214911,6,Standing Valve Leak
0.8827408522186477,0.035832446190283314,0.49591973696570535,0.46973641147573025,0.0,0.13106583682995965,-0.06937790194962358,0.049105584460991586,0.029077089795558616,0.05300275596405199,0.19989365532012554,0.44652268268357076,7,Pump Off / High Viscous Friction
0.8742128392152733,0.02809393102606796,0.49591973696570535,0.46227128997736755,0.0,0.2020634808581636,-0.10803873718122924,0.05507191990142852,0.04712335543650504,0.0485938747607274,0.29163838525986663,0.569518020997269,1,Severe Rod Floating & Impact Loading
0.872742568333905,0.02850393410519614,0.49591973696570535,0.4623498852339638,0.0,0.20509891902344232,-0.11211430411764105,0.05569961930735282,0.047143826948141815,0.04798433767458961,0.28097063568992564,0.5613260240130596,1,Severe Rod Floating & Impact Loading
0.7585507596907366,-0.14029772354238487,0.49591973696570535,0.5302668763034634,0.0,0.1946194644448365,-0.17267686775841887,0.06153239160855559,0.06026853494151642,0.039274340399332884,0.1666553345495659,0.5039820451235942,2,Fluid Pound (Underfilled)
0.7710545772581998,0.206969466844426,0.49591973696570535,0.453345207207707,0.0,-0.0001595855517815922,0.1644635478129312,0.06268680005599236,0.09816256215595275,0.05367728502950379,0.28722642033833956,0.5285580360762223,3,Gas Interference
0.8216353105467729,-0.025115940160694072,0.49591973696570535,0.48739233521143555,0.0,0.19280119449269773,0.017925218111694063,0.014627740257861016,0.04309483389923358,0.043952085020970796,0.3857094460910978,0.5612726185298431,4,Unanchored Tubing
0.8596374455025835,0.030858811324264244,0.49591973696570535,0.4581899692722437,0.0,0.22258287816410116,-0.06604600684481643,0.03931016413331533,0.06637210799514383,0.040194008216265134,0.43067294314263205,0.5184904833783801,5,Traveling Valve Leak
0.871227450341685,0.028926081597155966,0.49591973696570535,0.4624308778516377,0.0,0.20822694599912744,-0.11631418651489507,0.05639072122758629,0.04717076263776438,0.04740466614132314,0.2699774918313796,0.5531340270288504,6,Standing Valve Leak
0.8591729425071044,0.03227172481586763,0.49591973696570535,0.46307526736407795,0.0,0.2331140015808283,-0.14972908589701203,0.0632941365874735,0.047594271031818305,0.044734028924862945,0.18251437711020907,0.49579004813938504,7,Pump Off / High Viscous Friction
0.9680964357594757,0.5638347378360853,0.49591973696570535,0.45799736783268336,0.0,0.0005334962846850401,0.1603568801089244,0.10279213082791629,0.05580784201871674,0.13146310073806575,0.9843364686991792,0.3614566403649505,0,Normal Fillage (Optimal)
0.967946180497556,0.5768610262831483,0.49591973696570535,0.45808144551945984,0.0,0.0005626247251014461,0.1602094929761471,0.10269332713314784,0.05572500711372034,0.131331505062917,0.9834542140172832,0.35329446915910956,1,Severe Rod Floating & Impact Loading
0.5863033357200962,0.39544609157022453,0.49591973696570535,0.6768719652349173,0.0,0.00046975236653625137,-0.07875338129899698,0.08128268894854979,0.07878397024349684,0.11125212859974029,0.501852265020371,0.2961656392413549,2,Fluid Pound (Underfilled)
0.7562529130917426,0.3411689096417318,0.49591973696570535,0.5883293656589897,0.0,-0.0003166449452091098,0.3154278169190783,0.10396430649365417,0.05818054233955533,0.09400302098332106,0.5413137047185698,0.32064872217668033,3,Gas Interference
0.6559228353525199,0.4397450310703376,0.49591973696570535,0.4686842231642768,0.0,0.00015728967763879302,0.4421533608775307,0.17464931888224067,0.036430353215031144,0.08818054463296636,0.9998427103223612,0.38513553063465356,4,Unanchored Tubing
0.47929291889446546,0.3881797577607365,0.49591973696570535,0.5565301117931426,0.3348733805980509,0.0004000432544896899,0.24688978851515833,0.15740279625684678,0.059128465128582566,0.05968447234226133,1.0,0.34364330508252294,5,Traveling Valve Leak
0.9677781327883359,0.5905033332482524,0.49591973696570535,0.4581750275705524,0.0,0.0005951173698129353,0.16004500961989848,0.1025829686453748,0.05563261112505485,0.13118470276819322,0.9824696108416704,0.3451323618076921,6,Standing Valve Leak
0.9655977737980024,0.7076313914485358,0.49591973696570535,0.45929450062113963,0.0,0.0009988654547847726,0.15798567767447855,0.1011791944130348,0.05448320101302409,0.12935577996350545,0.9701400559720234,0.28800560930754865,7,Pump Off / High Viscous Friction
0.9673546859598829,0.5616604994593173,0.49591973696570535,0.4583963083465636,0.0,0.0006742574087461925,0.15964201346142726,0.10230902719152127,0.05540718391439619,0.13082619527440623,0.980056905614916,0.36208315477544356,0,Normal Fillage (Optimal)
0.9671586465717876,0.574642538868963,0.49591973696570535,0.4584987527268571,0.0,0.0007108961642272356,0.15945544193696176,0.10218224233080313,0.055302862918954615,0.1306602717034669,0.9789399170710337,0.3539031516136248,1,Severe Rod Floating & Impact Loading
0.5875804692302005,0.3933622732205831,0.49591973696570535,0.6760858839379992,0.0,0.0005946682663262614,-0.07817710859948726,0.0808310066741291,0.07844967054809146,0.11088695232477609,0.5005068832195521,0.29664735271958903,2,Fluid Pound (Underfilled)
0.7565942038722966,0.3406005330644183,0.49591973696570535,0.5878304500670927,0.0,-0.0003158449439090974,0.31484763432756413,0.10381185597916762,0.05814134434382512,0.09395512790905748,0.5412240895320235,0.32118380420250986,3,Gas Interference
0.658913817069184,0.4392996161911537,0.49591973696570535,0.46848346646107814,0.0,0.0002630100558608737,0.44165635342484266,0.1740183909690026,0.036368149889513375,0.08824615498373124,0.9997369899441392,0.3854738836777867,4,Unanchored Tubing
0.4826917338008947,0.3878106480868661,0.49591973696570535,0.5561304784229874,0.3322921992712785,0.0005082037227163251,0.24674600153787846,0.15621397209439528,0.059082254018885665,0.05978904317780457,1.0,0.34397037724748925,5,Traveling Valve Leak
0.9669400776068944,0.5882389029131803,0.49591973696570535,0.4586129703969713,0.0,0.0007517455819789809,0.15924742891786764,0.1020409162495006,0.05518658511990628,0.13047531795217648,0.9776945600425567,0.34572314845180596,6,Standing Valve Leak
0.9641722177558147,0.7049912919035066,0.49591973696570535,0.4599981033806633,0.0,0.001257509778003459,0.1566616157270707,0.10027084593751816,0.05374763347529753,0.12818402782513308,0.962211962622199,0.28846853555861535,7,Pump Off / High Viscous Friction
0.9667626295403053,0.5597352729779177,0.49591973696570535,0.4587056995030566,0.0,0.0007849097148882222,0.15907855083363182,0.10192620159745609,0.05509220843322444,0.13032519059020273,0.9766835006863944,0.36270825112561356,0,Normal Fillage (Optimal)
0.966535255211177,0.5726846903854697,0.49591973696570535,0.45882451859583284,0.0,0.0008274048100240323,0.15886215771171255,0.10177924099475612,0.054971310936767534,0.1301328628081534,0.9753879726638225,0.35450677373353007,1,Severe Rod Floating & Impact Loading
0.5887428606807639,0.39160667041655706,0.49591973696570535,0.6753769148321245,0.0,0.0006934237396397199,-0.07762586789715767,0.08041634623045339,0.07817317219584997,0.11060291566327264,0.49963684038507744,0.2971035781874933,2,Fluid Pound (Underfilled)
0.7569484587501201,0.34004931326358084,0.49591973696570535,0.5873709224602046,0.0,-0.00031507040733464803,0.314317789790717,0.1036707906462124,0.05808948853125394,0.0939313931181955,0.5413418375609386,0.32170444302070234,3,Gas Interference
0.6614613472353241,0.4388147847149845,0.49591973696570535,0.46831700822937594,0.0,0.0003471502587017966,0.4411141370689798,0.17344595310642083,0.036329452873658755,0.08832207887062059,0.9996528497412982,0.3858580195155716,4,Unanchored Tubing
0.4856551302466414,0.3873925396239728,0.49591973696570535,0.5557599329996229,0.33006146561719635,0.0005941816444648508,0.24658783438871554,0.15517662049703645,0.05904005544266174,0.059906042220461184,1.0,0.3443416206530834,5,Traveling Valve Leak
0.9662817738708238,0.5862474451035052,0.49591973696570535,0.4589569029929106,0.0,0.0008747645912056926,0.1586209795788881,0.10161546747436394,0.05483661426673007,0.12991856372460686,0.9739440568447469,0.34630530785391145,6,Standing Valve Leak
0.9630441920758877,0.7027253217051828,0.49591973696570535,0.460540208065391,0.0,0.0014594143290664323,0.15562546545771547,0.0995569890450422,0.053173847322890586,0.12726926583023682,0.9560074214159947,0.28890463412148465,7,Pump Off / High Viscous Friction
0.9639266820437999,0.5549068824726449,0.49591973696570535,0.460119290902884,0.0,0.001302058302356523,0.15643356121122176,0.1001145171882549,0.05362107710538235,0.1279823666929012,0.9608464392839295,0.3629617317537918,0,Normal Fillage (Optimal)
0.9635411610617339,0.5676681453169574,0.49591973696570535,0.4603059265917653,0.0,0.0013713189802100783,0.15607836432653538,0.0998701413974294,0.05342426657591251,0.12766864415600493,0.9587195307613041,0.3548022989944447,1,Severe Rod Floating & Impact Loading
0.5907968770020737,0.38550077943524996,0.49591973696570535,0.6739416983283261,0.0,0.0011498817492806373,-0.07713021413974104,0.07974016812714405,0.07714772028599604,0.10917572917267303,0.49142240151483435,0.29769232019834607,2,Fluid Pound (Underfilled)
0.7565905187677657,0.33956000068081854,0.49591973696570535,0.5864349311247793,0.0,-0.0003143839418152054,0.3132533452985193,0.1034434883771187,0.05830818344019998,0.09349780410536224,0.5376413490580672,0.32216802539667405,3,Gas Interference
0.6694695238073436,0.4391750022070018,0.49591973696570535,0.46775009534347506,0.0,0.0007414500715489679,0.4415741571796568,0.17244522202293627,0.03589502239423923,0.08811674770859534,0.9988162846378966,0.38521272339076823,4,Unanchored Tubing
0.49393614787673457,0.3881334013087492,0.49591973696570535,0.555164844641088,0.3234339259058409,0.001000289357862842,0.24679919284894836,0.15234744641005166,0.05896170816616497,0.05972024358792967,1.0,0.34368434788976165,5,Traveling Valve Leak
0.9631065896536235,0.5810287198290179,0.49591973696570535,0.4605107925548106,0.0,0.0014483534046737742,0.15568232975544027,0.09959629954324933,0.05320528046672609,0.12731940040860107,0.9563479437795757,0.34664373059500203,6,Standing Valve Leak
0.9577926575483211,0.695631348563347,0.49591973696570535,0.46299785679978445,0.0,0.0023869340714834614,0.15085386263943037,0.09626139039121381,0.05054618559121569,0.12307379326166745,0.9274329990742783,0.2895354895093947,7,Pump Off / High Viscous Friction
0.9602412009254007,0.5463885599462943,0.49591973696570535,0.46186159615196104,0.0,0.0019562873538917793,0.15307103739979996,0.09779339677788848,0.05176437985192427,0.12502007119399788,0.9407106549969371,0.3646924196579927,0,Normal Fillage (Optimal)
0.9596673125698629,0.5589210224844039,0.49591973696570535,0.4621321390096844,0.0,0.002058017836728864,0.15254804020188265,0.09743286943252037,0.05147642494976433,0.12456027316650983,0.9375787734982306,0.35651506739634314,1,Severe Rod Floating & Impact Loading
0.5950376765251804,0.37638399275416723,0.49591973696570535,0.6711234534242991,0.0,0.001733973347032298,-0.07546066954182452,0.07826749257018357,0.07570102862125355,0.10739274920585389,0.4829680611816645,0.2992841454955163,2,Fluid Pound (Underfilled)
0.7570940382246718,0.3378373533637982,0.49591973696570535,0.5845558115643267,0.0,-0.00031197528168932305,0.3111227305182136,0.1029243041296883,0.05837231113720525,0.09308984990157157,0.5349215743970516,0.32381077413080145,3,Gas Interference
0.681470727631325,0.43789236825253836,0.49591973696570535,0.46711085274415887,0.0,0.0012614250440299197,0.4402642927791591,0.1703438035561304,0.03541262648188763,0.08803706895993976,0.9970705466580072,0.3856627773850433,4,Unanchored Tubing
0.5077735963292902,0.38773126554994236,0.49591973696570535,0.5537919888733086,0.3126979422491133,0.0015363541954734501,0.2465908645064456,0.14761432067647834,0.058799741926566444,0.05985049657321985,1.0,0.3440408003564789,5,Traveling Valve Leak
0.9590304636867604,0.5720418930898997,0.49591973696570535,0.4624323627642021,0.0,0.0021709090354218945,0.15196766567755737,0.09703300899518684,0.05115712847238311,0.12405031172079335,0.9341032974492307,0.3483377151346935,6,Standing Valve Leak
0.9512688470267321,0.6844997509825002,0.49591973696570535,0.4659683422766516,0.0,0.0035236165150156176,0.1449914449925844,0.09221115513075982,0.0473472447657332,0.11795220766315638,0.8923241258118636,0.29110860261708793,7,Pump Off / High Viscous Friction
0.9571144875006983,0.538819385534712,0.49591973696570535,0.4633066478461593,0.0,0.0025050956864342364,0.15024444640307608,0.09583927269405758,0.05021237909828818,0.1225400195011792,0.9237833243675085,0.36631406070342704,0,Normal Fillage (Optimal)
0.956381295142334,0.5511525189255261,0.49591973696570535,0.46364049219143255,0.0,0.002632844166977148,0.14958558609344982,0.09538319013619205,0.049851815833048645,0.12196329652828258,0.9198375387715686,0.35811705530391685,1,Severe Rod Floating & Impact Loading
0.598733325168169,0.36838171569669254,0.49591973696570535,0.6686732650165144,0.0,0.002227946993879661,-0.07397849709847576,0.07697438788437969,0.07446415510606398,0.1058801751342259,0.4759574326369464,0.30073875955958995,2,Fluid Pound (Underfilled)
0.7575821472817985,0.3362607194227089,0.49591973696570535,0.5828740280673722,0.0,-0.00030978174011140827,0.30922273013376367,0.1024581344460846,0.058422869785775024,0.09274571678817937,0.53270352044518,0.3253290337058761,3,Gas Interference
0.6915551437396203,0.4363366558424476,0.49591973696570535,0.4666804172594264,0.0,0.0017136166103161694,0.43868654378310795,0.16851017454350178,0.034970548377614055,0.08790972943651139,0.9948153468766058,0.3862023731142789,4,Unanchored Tubing
0.5200789738284612,0.38728362388708154,0.49591973696570535,0.5525504937645731,0.303169100332409,0.0020052929425082126,0.24637497924304982,0.14345192629473055,0.05865576055592297,0.059990663938321205,1.0,0.3444384598144694,5,Traveling Valve Leak
0.9555693055350947,0.5640634686548155,0.49591973696570535,0.4640102152739311,0.0,0.0027743219624813595,0.14885591710830795,0.09487843475962014,0.04945290002081279,0.12132502586980352,0.9154676938601192,0.3499200499044066,6,Standing Valve Leak
0.945939018156368,0.6746920823537912,0.49591973696570535,0.4683669917108421,0.0,0.004446959052075923,0.1402242097465568,0.08892685809553447,0.04476823254196059,0.11381098959406173,0.863773333668162,0.29254399490262023,7,Pump Off / High Viscous Friction
0.9185085314289587,0.43570552707734495,0.49591973696570535,0.48056577426745073,0.0,0.00917152637753625,0.11580451199373909,0.07229997448361059,0.031905523420475805,0.09290636690075273,0.7175207666531003,0.38480667909218086,0,Normal Fillage (Optimal)
0.9164233858737312,0.4451365674565846,0.49591973696570535,0.4814858696530072,0.0,0.009529311312775717,0.11395391987088868,0.07105396242432718,0.03095920749210104,0.0913427520712216,0.706437149234423,0.3766538388313694,1,Severe Rod Floating & Impact Loading
0.6375871128829722,0.2550313211955224,0.49591973696570535,0.6418346426170705,0.0,0.00836482658738327,-0.05979107398936166,0.06318749261457123,0.059474029930760654,0.08629186388527733,0.38001389380934414,0.319591383413551,2,Fluid Pound (Underfilled)
0.7594531200398862,0.317966625178283,0.49591973696570535,0.5612656836480554,0.0,-0.0002850710450057164,0.2850417500252192,0.09661654189740418,0.06122168224889333,0.08680713113292306,0.48997999205188936,0.34404672144975884,3,Gas Interference
0.7866910580674364,0.39026846497686424,0.49591973696570535,0.47300276053658197,0.0,0.008108428028133692,0.3979106641749971,0.14600860536940755,0.025815510379148577,0.07865123689947433,0.9036592993570861,0.392675832140374,4,Unanchored Tubing
0.6987941745851423,0.3870931065661625,0.49591973696570535,0.5350840768064979,0.16223947152947502,0.009429098593602192,0.2451241819323451,0.09400092324322319,0.05705420250850649,0.06018054283871299,0.9983687259042193,0.3446079836098359,5,Traveling Valve Leak
0.9141641225553645,0.45498360896711976,0.49591973696570535,0.4824781170691969,0.0,0.009916091703408753,0.11195249052946149,0.06970757508456324,0.02994152946508012,0.08965511744443355,0.6944500069162007,0.36850205948596676,6,Standing Valve Leak
0.8911760081273528,0.5383464233407322,0.49591973696570535,0.4925742829117669,0.0,0.013851601037844554,0.09158784938902331,0.056156467388800084,0.0200351698555015,0.07266899315632339,0.572480249324919,0.3114396040681483,7,Pump Off / High Viscous Friction
0.8983622731930829,0.35975640020826827,0.49591973696570535,0.4894181421974213,0.0,0.012621329919503026,0.09795399610636113,0.06036369855640606,0.023023055876043103,0.07794279351386899,0.6106089532166052,0.40049123688112226,0,Normal Fillage (Optimal)
0.8959357498824847,0.36724875751725705,0.49591973696570535,0.49048384864504657,0.0,0.013036744814404313,0.09580439498992255,0.05894014451430415,0.022000110341613047,0.07615836713876563,0.5977343670512085,0.39232068930427644,1,Severe Rod Floating & Impact Loading
0.6593816692766588,0.17386563873679428,0.49591973696570535,0.6268123605478139,0.0,0.011689164330179627,-0.05161318900284491,0.055098023373002854,0.05126066820928755,0.07523676501135411,0.32900157633642824,0.33512685626635613,2,Fluid Pound (Underfilled)
0.7612559069480973,0.30418149121453647,0.49591973696570535,0.5461116935260429,0.0,-0.0002673092609994297,0.2681057915310749,0.09232614827379904,0.06407648079903376,0.08268651913590729,0.46212002553656184,0.3596384989968934,3,Gas Interference
0.8154612925855709,0.3331267395233387,0.49591973696570535,0.4826127169832609,0.0,0.011851103715294329,0.35424526786335697,0.1291744831136984,0.01929591954209944,0.06929555592092365,0.8075180421990915,0.4031401182484941,4,Unanchored Tubing
0.8047182539734088,0.37559029149008283,0.49591973696570535,0.4985277636444723,0.04817638303557243,0.014593092038548527,0.23329701753977156,0.08366866641232283,0.0550270529856083,0.05933766774725977,0.9541220314884012,0.35516193561290393,5,Traveling Valve Leak
0.8933440584670702,0.3750598269921742,0.49591973696570535,0.49162209538662627,0.0,0.01348043608753009,0.09350847525336156,0.05742299863298549,0.020922807575001014,0.07425661131590605,0.5839834361221429,0.3841501417274307,6,Standing Valve Leak
0.8687179150126152,0.44066831520333904,0.49591973696570535,0.5024376683279281,0.0,0.01769637201127378,0.07169274192327386,0.043176671122608215,0.01210893542359967,0.05639792835386827,0.45332266544629013,0.32695630868951037,7,Pump Off / High Viscous Friction
0.8862369929453848,0.3030598135408929,0.49591973696570535,0.49474345239856027,0.0,0.014697148436368265,0.08721248958807033,0.05328009169971645,0.018067498263455443,0.06906337139184965,0.5462749471731824,0.4131619934665748,0,Normal Fillage (Optimal)
0.8837231161142736,0.30919030493563043,0.49591973696570535,0.49584752369915125,0.0,0.015127518041732489,0.08498550399962146,0.05182080518018277,0.017100550016627875,0.06723409161877787,0.5329368829024099,0.4049699964823655,1,Severe Rod Floating & Impact Loading
0.6729335766039561,0.11413423808634729,0.49591973696570535,0.6174819885663727,0.0,0.013742595442486141,-0.04650574015601169,0.04993999850159457,0.046249443579516734,0.06823918719506561,0.2976048653794247,0.34762601759290007,2,Fluid Pound (Underfilled)
0.7626158964487004,0.29391398329773194,0.49591973696570535,0.5352567633580708,0.0,-0.0002545305026906541,0.25597260734238436,0.08915635441236291,0.06662305260947796,0.07967177047285542,0.44240481868768694,0.3722020085455281,3,Gas Interference
0.8254554439551569,0.28440794812602865,0.49591973696570535,0.48919758814201764,0.0,0.014144833035445599,0.3221007166408498,0.11726147108373372,0.015321392019186362,0.06259988003024676,0.7366844402501581,0.4131487591005537,4,Unanchored Tubing
0.8437909184557473,0.34201816214932423,0.49591973696570535,0.484964174337507,0.0,0.01756853300550462,0.2147341022878424,0.08128503278072534,0.05065129930401022,0.0553706393971662,0.8812486426744038,0.3660998466142748,5,Traveling Valve Leak
0.8810575727868173,0.31557394023996443,0.49591973696570535,0.4970182055129573,0.0,0.01558385258275813,0.08262416055503623,0.050276964938916445,0.016106097913789613,0.06529880314056385,0.5187941103615321,0.3967779994981561,6,Standing Valve Leak
0.8566905447907835,0.36888699747192594,0.49591973696570535,0.5077199773572272,0.0,0.019755428569608772,0.06103797164196606,0.03632959847310426,0.00993398573677707,0.04781392353577898,0.3895081479480483,0.33943402060869077,7,Pump Off / High Viscous Friction
0.849571632007228,0.12474551180796918,0.49591973696570535,0.5148898070190583,0.0,0.05225827794642562,0.03463675156070826,0.028328207113791293,0.017887258429444317,0.038125657360918476,0.3931869464069079,0.4583849252500399,1,Severe Rod Floating & Impact Loading
0.8470307182546382,0.12700411470257542,0.49591973696570535,0.5160896089340387,0.0,0.05334209966338726,0.03196905545067031,0.026862819355522857,0.018365462828717267,0.03625718067072648,0.38056509448270287,0.45023314590463726,1,Severe Rod Floating & Impact Loading
0.6972827652760323,-0.06949214265662434,0.49591973696570535,0.6025836434772346,0.0,0.04986100571276968,-0.06060813637784501,0.04336977021600487,0.040967516185647396,0.04135975899586231,0.21978550270698216,0.39317069048681885,2,Fluid Pound (Underfilled)
0.7656084784499448,0.2619457779246172,0.49591973696570535,0.5026374463182817,0.0,-0.00021702028589661856,0.21954104392656884,0.07922179476669984,0.07700356842415651,0.0697493468926226,0.37931625649757333,0.41762602852302677,3,Gas Interference
0.8232010972632828,0.11676333072109513,0.49591973696570535,0.5124700003944189,0.0,0.05005840866218719,0.2097478085401873,0.07512567039744852,0.018316130769765338,0.03466419209209579,0.5449678211900223,0.45353540856606855,4,Unanchored Tubing
0.8216387543932306,0.13983768664758184,0.49591973696570535,0.5145199500295574,0.0,0.05960851900257142,0.11521117371944017,0.04238266632745141,0.041768982829859844,0.024464217312933658,0.6050365453614301,0.40891310115478613,5,Traveling Valve Leak
0.8443821766850146,0.1293460128175571,0.49591973696570535,0.5173402319604609,0.0,0.05447182981204343,0.029188361286863366,0.02534495982082678,0.018930931694518868,0.034315232191327136,0.3674086071864133,0.4420813665592347,6,Standing Valve Leak
0.8221544047013829,0.14851598311328496,0.49591973696570535,0.5278360322860532,0.0,0.06395304182524147,0.005851504301788462,0.01325717400677575,0.025566994113533147,0.018282983784053887,0.2569933495663131,0.3850189111414162,7,Pump Off / High Viscous Friction
0.8957750608100401,0.030765822219338906,0.49591973696570535,0.4678840884394509,0.0,0.11194517147004072,-0.03543868801114752,0.04995579224037961,0.03137946358212008,0.062162422115443025,0.316876251616762,0.5200576108751825,1,Severe Rod Floating & Impact Loading
0.8945177130376809,0.03125689463004639,0.49591973696570535,0.4680627731848289,0.0,0.11378965062102002,-0.03871264168021628,0.049702694570996554,0.031113895062378983,0.06120136410146866,0.30559149997057317,0.5118870632983368,1,Severe Rod Floating & Impact Loading
0.7684185596855162,-0.15550601797299565,0.49591973696570535,0.5420287508524788,0.0,0.10739766585343313,-0.10900123750273047,0.03861178757954781,0.04728923763851407,0.05588647640118396,0.17937501058129363,0.45469323026041647,2,Fluid Pound (Underfilled)
0.7690099297850654,0.22828518883842347,0.49591973696570535,0.47160441383250584,0.0,-0.00018088314366140632,0.18486649434388988,0.0690275179076795,0.08962330238455332,0.05982634978002614,0.3212432691298106,0.4792048729909537,3,Gas Interference
0.8358556735923859,-0.0274904819780311,0.49591973696570535,0.4942401311178467,0.0,0.10552931683837981,0.09917994164744522,0.040795802000177794,0.02798380264002586,0.055443871885566424,0.418024508505286,0.5127916459266549,4,Unanchored Tubing
0.881337056176541,0.034083365699529335,0.49591973696570535,0.4636160167744883,0.0,0.12444240306262673,0.019314166071481318,0.041855474090623915,0.05061291699938736,0.05224671673244289,0.4736021025662986,0.46943720702503705,5,Traveling Valve Leak
0.8932182374330129,0.03176389794780231,0.49591973696570535,0.46824744481876335,0.0,0.11569592962569208,-0.042096290196005415,0.0494786570965459,0.0308485865602157,0.060223382695632106,0.29392864917356215,0.5037165157214911,6,Standing Valve Leak
0.8827408522186477,0.035832446190283314,0.49591973696570535,0.46973641147573025,0.0,0.13106583682995965,-0.06937790194962358,0.049105584460991586,0.029077089795558616,0.05300275596405199,0.19989365532012554,0.44652268268357076,7,Pump Off / High Viscous Friction
0.8742128392152733,0.02809393102606796,0.49591973696570535,0.46227128997736755,0.0,0.2020634808581636,-0.10803873718122924,0.05507191990142852,0.04712335543650504,0.0485938747607274,0.29163838525986663,0.569518020997269,1,Severe Rod Floating & Impact Loading
0.872742568333905,0.02850393410519614,0.49591973696570535,0.4623498852339638,0.0,0.20509891902344232,-0.11211430411764105,0.05569961930735282,0.047143826948141815,0.04798433767458961,0.28097063568992564,0.5613260240130596,1,Severe Rod Floating & Impact Loading
0.7585507596907366,-0.14029772354238487,0.49591973696570535,0.5302668763034634,0.0,0.1946194644448365,-0.17267686775841887,0.06153239160855559,0.06026853494151642,0.039274340399332884,0.1666553345495659,0.5039820451235942,2,Fluid Pound (Underfilled)
0.7710545772581998,0.206969466844426,0.49591973696570535,0.453345207207707,0.0,-0.0001595855517815922,0.1644635478129312,0.06268680005599236,0.09816256215595275,0.05367728502950379,0.28722642033833956,0.5285580360762223,3,Gas Interference
0.8216353105467729,-0.025115940160694072,0.49591973696570535,0.48739233521143555,0.0,0.19280119449269773,0.017925218111694063,0.014627740257861016,0.04309483389923358,0.043952085020970796,0.3857094460910978,0.5612726185298431,4,Unanchored Tubing
0.8596374455025835,0.030858811324264244,0.49591973696570535,0.4581899692722437,0.0,0.22258287816410116,-0.06604600684481643,0.03931016413331533,0.06637210799514383,0.040194008216265134,0.43067294314263205,0.5184904833783801,5,Traveling Valve Leak
0.871227450341685,0.028926081597155966,0.49591973696570535,0.4624308778516377,0.0,0.20822694599912744,-0.11631418651489507,0.05639072122758629,0.04717076263776438,0.04740466614132314,0.2699774918313796,0.5531340270288504,6,Standing Valve Leak
0.8591729425071044,0.03227172481586763,0.49591973696570535,0.46307526736407795,0.0,0.2331140015808283,-0.14972908589701203,0.0632941365874735,0.047594271031818305,0.044734028924862945,0.18251437711020907,0.49579004813938504,7,Pump Off / High Viscous Friction
0.9680964357594757,0.5638347378360853,0.49591973696570535,0.45799736783268336,0.0,0.0005334962846850401,0.1603568801089244,0.10279213082791629,0.05580784201871674,0.13146310073806575,0.9843364686991792,0.3614566403649505,0,Normal Fillage (Optimal)
0.967946180497556,0.5768610262831483,0.49591973696570535,0.45808144551945984,0.0,0.0005626247251014461,0.1602094929761471,0.10269332713314784,0.05572500711372034,0.131331505062917,0.9834542140172832,0.35329446915910956,1,Severe Rod Floating & Impact Loading
0.5863033357200962,0.39544609157022453,0.49591973696570535,0.6768719652349173,0.0,0.00046975236653625137,-0.07875338129899698,0.08128268894854979,0.07878397024349684,0.11125212859974029,0.501852265020371,0.2961656392413549,2,Fluid Pound (Underfilled)
0.7562529130917426,0.3411689096417318,0.49591973696570535,0.5883293656589897,0.0,-0.0003166449452091098,0.3154278169190783,0.10396430649365417,0.05818054233955533,0.09400302098332106,0.5413137047185698,0.32064872217668033,3,Gas Interference
0.6559228353525199,0.4397450310703376,0.49591973696570535,0.4686842231642768,0.0,0.00015728967763879302,0.4421533608775307,0.17464931888224067,0.036430353215031144,0.08818054463296636,0.9998427103223612,0.38513553063465356,4,Unanchored Tubing
0.47929291889446546,0.3881797577607365,0.49591973696570535,0.5565301117931426,0.3348733805980509,0.0004000432544896899,0.24688978851515833,0.15740279625684678,0.059128465128582566,0.05968447234226133,1.0,0.34364330508252294,5,Traveling Valve Leak
0.9677781327883359,0.5905033332482524,0.49591973696570535,0.4581750275705524,0.0,0.0005951173698129353,0.16004500961989848,0.1025829686453748,0.05563261112505485,0.13118470276819322,0.9824696108416704,0.3451323618076921,6,Standing Valve Leak
0.9655977737980024,0.7076313914485358,0.49591973696570535,0.45929450062113963,0.0,0.0009988654547847726,0.15798567767447855,0.1011791944130348,0.05448320101302409,0.12935577996350545,0.9701400559720234,0.28800560930754865,7,Pump Off / High Viscous Friction
0.9673546859598829,0.5616604994593173,0.49591973696570535,0.4583963083465636,0.0,0.0006742574087461925,0.15964201346142726,0.10230902719152127,0.05540718391439619,0.13082619527440623,0.980056905614916,0.36208315477544356,0,Normal Fillage (Optimal)
0.9671586465717876,0.574642538868963,0.49591973696570535,0.4584987527268571,0.0,0.0007108961642272356,0.15945544193696176,0.10218224233080313,0.055302862918954615,0.1306602717034669,0.9789399170710337,0.3539031516136248,1,Severe Rod Floating & Impact Loading
0.5875804692302005,0.3933622732205831,0.49591973696570535,0.6760858839379992,0.0,0.0005946682663262614,-0.07817710859948726,0.0808310066741291,0.07844967054809146,0.11088695232477609,0.5005068832195521,0.29664735271958903,2,Fluid Pound (Underfilled)
0.7565942038722966,0.3406005330644183,0.49591973696570535,0.5878304500670927,0.0,-0.0003158449439090974,0.31484763432756413,0.10381185597916762,0.05814134434382512,0.09395512790905748,0.5412240895320235,0.32118380420250986,3,Gas Interference
0.658913817069184,0.4392996161911537,0.49591973696570535,0.46848346646107814,0.0,0.0002630100558608737,0.44165635342484266,0.1740183909690026,0.036368149889513375,0.08824615498373124,0.9997369899441392,0.3854738836777867,4,Unanchored Tubing
0.4826917338008947,0.3878106480868661,0.49591973696570535,0.5561304784229874,0.3322921992712785,0.0005082037227163251,0.24674600153787846,0.15621397209439528,0.059082254018885665,0.05978904317780457,1.0,0.34397037724748925,5,Traveling Valve Leak
0.9669400776068944,0.5882389029131803,0.49591973696570535,0.4586129703969713,0.0,0.0007517455819789809,0.15924742891786764,0.1020409162495006,0.05518658511990628,0.13047531795217648,0.9776945600425567,0.34572314845180596,6,Standing Valve Leak
0.9641722177558147,0.7049912919035066,0.49591973696570535,0.4599981033806633,0.0,0.001257509778003459,0.1566616157270707,0.10027084593751816,0.05374763347529753,0.12818402782513308,0.962211962622199,0.28846853555861535,7,Pump Off / High Viscous Friction
0.9667626295403053,0.5597352729779177,0.49591973696570535,0.4587056995030566,0.0,0.0007849097148882222,0.15907855083363182,0.10192620159745609,0.05509220843322444,0.13032519059020273,0.9766835006863944,0.36270825112561356,0,Normal Fillage (Optimal)
0.966535255211177,0.5726846903854697,0.49591973696570535,0.45882451859583284,0.0,0.0008274048100240323,0.15886215771171255,0.10177924099475612,0.054971310936767534,0.1301328628081534,0.9753879726638225,0.35450677373353007,1,Severe Rod Floating & Impact Loading
0.5887428606807639,0.39160667041655706,0.49591973696570535,0.6753769148321245,0.0,0.0006934237396397199,-0.07762586789715767,0.08041634623045339,0.07817317219584997,0.11060291566327264,0.49963684038507744,0.2971035781874933,2,Fluid Pound (Underfilled)
0.7569484587501201,0.34004931326358084,0.49591973696570535,0.5873709224602046,0.0,-0.00031507040733464803,0.314317789790717,0.1036707906462124,0.05808948853125394,0.0939313931181955,0.5413418375609386,0.32170444302070234,3,Gas Interference
0.6614613472353241,0.4388147847149845,0.49591973696570535,0.46831700822937594,0.0,0.0003471502587017966,0.4411141370689798,0.17344595310642083,0.036329452873658755,0.08832207887062059,0.9996528497412982,0.3858580195155716,4,Unanchored Tubing
0.4856551302466414,0.3873925396239728,0.49591973696570535,0.5557599329996229,0.33006146561719635,0.0005941816444648508,0.24658783438871554,0.15517662049703645,0.05904005544266174,0.059906042220461184,1.0,0.3443416206530834,5,Traveling Valve Leak
0.9662817738708238,0.5862474451035052,0.49591973696570535,0.4589569029929106,0.0,0.0008747645912056926,0.1586209795788881,0.10161546747436394,0.05483661426673007,0.12991856372460686,0.9739440568447469,0.34630530785391145,6,Standing Valve Leak
0.9630441920758877,0.7027253217051828,0.49591973696570535,0.460540208065391,0.0,0.0014594143290664323,0.15562546545771547,0.0995569890450422,0.053173847322890586,0.12726926583023682,0.9560074214159947,0.28890463412148465,7,Pump Off / High Viscous Friction
0.9639266820437999,0.5549068824726449,0.49591973696570535,0.460119290902884,0.0,0.001302058302356523,0.15643356121122176,0.1001145171882549,0.05362107710538235,0.1279823666929012,0.9608464392839295,0.3629617317537918,0,Normal Fillage (Optimal)
0.9635411610617339,0.5676681453169574,0.49591973696570535,0.4603059265917653,0.0,0.0013713189802100783,0.15607836432653538,0.0998701413974294,0.05342426657591251,0.12766864415600493,0.9587195307613041,0.3548022989944447,1,Severe Rod Floating & Impact Loading
0.5907968770020737,0.38550077943524996,0.49591973696570535,0.6739416983283261,0.0,0.0011498817492806373,-0.07713021413974104,0.07974016812714405,0.07714772028599604,0.10917572917267303,0.49142240151483435,0.29769232019834607,2,Fluid Pound (Underfilled)
0.7565905187677657,0.33956000068081854,0.49591973696570535,0.5864349311247793,0.0,-0.0003143839418152054,0.3132533452985193,0.1034434883771187,0.05830818344019998,0.09349780410536224,0.5376413490580672,0.32216802539667405,3,Gas Interference
0.6694695238073436,0.4391750022070018,0.49591973696570535,0.46775009534347506,0.0,0.0007414500715489679,0.4415741571796568,0.17244522202293627,0.03589502239423923,0.08811674770859534,0.9988162846378966,0.38521272339076823,4,Unanchored Tubing
0.49393614787673457,0.3881334013087492,0.49591973696570535,0.555164844641088,0.3234339259058409,0.001000289357862842,0.24679919284894836,0.15234744641005166,0.05896170816616497,0.05972024358792967,1.0,0.34368434788976165,5,Traveling Valve Leak
0.9631065896536235,0.5810287198290179,0.49591973696570535,0.4605107925548106,0.0,0.0014483534046737742,0.15568232975544027,0.09959629954324933,0.05320528046672609,0.12731940040860107,0.9563479437795757,0.34664373059500203,6,Standing Valve Leak
0.9577926575483211,0.695631348563347,0.49591973696570535,0.46299785679978445,0.0,0.0023869340714834614,0.15085386263943037,0.09626139039121381,0.05054618559121569,0.12307379326166745,0.9274329990742783,0.2895354895093947,7,Pump Off / High Viscous Friction
0.9602412009254007,0.5463885599462943,0.49591973696570535,0.46186159615196104,0.0,0.0019562873538917793,0.15307103739979996,0.09779339677788848,0.05176437985192427,0.12502007119399788,0.9407106549969371,0.3646924196579927,0,Normal Fillage (Optimal)
0.9596673125698629,0.5589210224844039,0.49591973696570535,0.4621321390096844,0.0,0.002058017836728864,0.15254804020188265,0.09743286943252037,0.05147642494976433,0.12456027316650983,0.9375787734982306,0.35651506739634314,1,Severe Rod Floating & Impact Loading
0.5950376765251804,0.37638399275416723,0.49591973696570535,0.6711234534242991,0.0,0.001733973347032298,-0.07546066954182452,0.07826749257018357,0.07570102862125355,0.10739274920585389,0.4829680611816645,0.2992841454955163,2,Fluid Pound (Underfilled)
0.7570940382246718,0.3378373533637982,0.49591973696570535,0.5845558115643267,0.0,-0.00031197528168932305,0.3111227305182136,0.1029243041296883,0.05837231113720525,0.09308984990157157,0.5349215743970516,0.32381077413080145,3,Gas Interference
0.681470727631325,0.43789236825253836,0.49591973696570535,0.46711085274415887,0.0,0.0012614250440299197,0.4402642927791591,0.1703438035561304,0.03541262648188763,0.08803706895993976,0.9970705466580072,0.3856627773850433,4,Unanchored Tubing
0.5077735963292902,0.38773126554994236,0.49591973696570535,0.5537919888733086,0.3126979422491133,0.0015363541954734501,0.2465908645064456,0.14761432067647834,0.058799741926566444,0.05985049657321985,1.0,0.3440408003564789,5,Traveling Valve Leak
0.9590304636867604,0.5720418930898997,0.49591973696570535,0.4624323627642021,0.0,0.0021709090354218945,0.15196766567755737,0.09703300899518684,0.05115712847238311,0.12405031172079335,0.9341032974492307,0.3483377151346935,6,Standing Valve Leak
0.9512688470267321,0.6844997509825002,0.49591973696570535,0.4659683422766516,0.0,0.0035236165150156176,0.1449914449925844,0.09221115513075982,0.0473472447657332,0.11795220766315638,0.8923241258118636,0.29110860261708793,7,Pump Off / High Viscous Friction
0.9571144875006983,0.538819385534712,0.49591973696570535,0.4633066478461593,0.0,0.0025050956864342364,0.15024444640307608,0.09583927269405758,0.05021237909828818,0.1225400195011792,0.9237833243675085,0.36631406070342704,0,Normal Fillage (Optimal)
0.956381295142334,0.5511525189255261,0.49591973696570535,0.46364049219143255,0.0,0.002632844166977148,0.14958558609344982,0.09538319013619205,0.049851815833048645,0.12196329652828258,0.9198375387715686,0.35811705530391685,1,Severe Rod Floating & Impact Loading
0.598733325168169,0.36838171569669254,0.49591973696570535,0.6686732650165144,0.0,0.002227946993879661,-0.07397849709847576,0.07697438788437969,0.07446415510606398,0.1058801751342259,0.4759574326369464,0.30073875955958995,2,Fluid Pound (Underfilled)
0.7575821472817985,0.3362607194227089,0.49591973696570535,0.5828740280673722,0.0,-0.00030978174011140827,0.30922273013376367,0.1024581344460846,0.058422869785775024,0.09274571678817937,0.53270352044518,0.3253290337058761,3,Gas Interference
0.6915551437396203,0.4363366558424476,0.49591973696570535,0.4666804172594264,0.0,0.0017136166103161694,0.43868654378310795,0.16851017454350178,0.034970548377614055,0.08790972943651139,0.9948153468766058,0.3862023731142789,4,Unanchored Tubing
0.5200789738284612,0.38728362388708154,0.49591973696570535,0.5525504937645731,0.303169100332409,0.0020052929425082126,0.24637497924304982,0.14345192629473055,0.05865576055592297,0.059990663938321205,1.0,0.3444384598144694,5,Traveling Valve Leak
0.9555693055350947,0.5640634686548155,0.49591973696570535,0.4640102152739311,0.0,0.0027743219624813595,0.14885591710830795,0.09487843475962014,0.04945290002081279,0.12132502586980352,0.9154676938601192,0.3499200499044066,6,Standing Valve Leak
0.945939018156368,0.6746920823537912,0.49591973696570535,0.4683669917108421,0.0,0.004446959052075923,0.1402242097465568,0.08892685809553447,0.04476823254196059,0.11381098959406173,0.863773333668162,0.29254399490262023,7,Pump Off / High Viscous Friction
0.9185085314289587,0.43570552707734495,0.49591973696570535,0.48056577426745073,0.0,0.00917152637753625,0.11580451199373909,0.07229997448361059,0.031905523420475805,0.09290636690075273,0.7175207666531003,0.38480667909218086,0,Normal Fillage (Optimal)
0.9164233858737312,0.4451365674565846,0.49591973696570535,0.4814858696530072,0.0,0.009529311312775717,0.11395391987088868,0.07105396242432718,0.03095920749210104,0.0913427520712216,0.706437149234423,0.3766538388313694,1,Severe Rod Floating & Impact Loading
0.6375871128829722,0.2550313211955224,0.49591973696570535,0.6418346426170705,0.0,0.00836482658738327,-0.05979107398936166,0.06318749261457123,0.059474029930760654,0.08629186388527733,0.38001389380934414,0.319591383413551,2,Fluid Pound (Underfilled)
0.7594531200398862,0.317966625178283,0.49591973696570535,0.5612656836480554,0.0,-0.0002850710450057164,0.2850417500252192,0.09661654189740418,0.06122168224889333,0.08680713113292306,0.48997999205188936,0.34404672144975884,3,Gas Interference
0.7866910580674364,0.39026846497686424,0.49591973696570535,0.47300276053658197,0.0,0.008108428028133692,0.3979106641749971,0.14600860536940755,0.025815510379148577,0.07865123689947433,0.9036592993570861,0.392675832140374,4,Unanchored Tubing
0.6987941745851423,0.3870931065661625,0.49591973696570535,0.5350840768064979,0.16223947152947502,0.009429098593602192,0.2451241819323451,0.09400092324322319,0.05705420250850649,0.06018054283871299,0.9983687259042193,0.3446079836098359,5,Traveling Valve Leak
0.9141641225553645,0.45498360896711976,0.49591973696570535,0.4824781170691969,0.0,0.009916091703408753,0.11195249052946149,0.06970757508456324,0.02994152946508012,0.08965511744443355,0.6944500069162007,0.36850205948596676,6,Standing Valve Leak
0.8911760081273528,0.5383464233407322,0.49591973696570535,0.4925742829117669,0.0,0.013851601037844554,0.09158784938902331,0.056156467388800084,0.0200351698555015,0.07266899315632339,0.572480249324919,0.3114396040681483,7,Pump Off / High Viscous Friction
0.8983622731930829,0.35975640020826827,0.49591973696570535,0.4894181421974213,0.0,0.012621329919503026,0.09795399610636113,0.06036369855640606,0.023023055876043103,0.07794279351386899,0.6106089532166052,0.40049123688112226,0,Normal Fillage (Optimal)
0.8959357498824847,0.36724875751725705,0.49591973696570535,0.49048384864504657,0.0,0.013036744814404313,0.09580439498992255,0.05894014451430415,0.022000110341613047,0.07615836713876563,0.5977343670512085,0.39232068930427644,1,Severe Rod Floating & Impact Loading
0.6593816692766588,0.17386563873679428,0.49591973696570535,0.6268123605478139,0.0,0.011689164330179627,-0.05161318900284491,0.055098023373002854,0.05126066820928755,0.07523676501135411,0.32900157633642824,0.33512685626635613,2,Fluid Pound (Underfilled)
0.7612559069480973,0.30418149121453647,0.49591973696570535,0.5461116935260429,0.0,-0.0002673092609994297,0.2681057915310749,0.09232614827379904,0.06407648079903376,0.08268651913590729,0.46212002553656184,0.3596384989968934,3,Gas Interference
0.8154612925855709,0.3331267395233387,0.49591973696570535,0.4826127169832609,0.0,0.011851103715294329,0.35424526786335697,0.1291744831136984,0.01929591954209944,0.06929555592092365,0.8075180421990915,0.4031401182484941,4,Unanchored Tubing
0.8047182539734088,0.37559029149008283,0.49591973696570535,0.4985277636444723,0.04817638303557243,0.014593092038548527,0.23329701753977156,0.08366866641232283,0.0550270529856083,0.05933766774725977,0.9541220314884012,0.35516193561290393,5,Traveling Valve Leak
0.8933440584670702,0.3750598269921742,0.49591973696570535,0.49162209538662627,0.0,0.01348043608753009,0.09350847525336156,0.05742299863298549,0.020922807575001014,0.07425661131590605,0.5839834361221429,0.3841501417274307,6,Standing Valve Leak
0.8687179150126152,0.44066831520333904,0.49591973696570535,0.5024376683279281,0.0,0.01769637201127378,0.07169274192327386,0.043176671122608215,0.01210893542359967,0.05639792835386827,0.45332266544629013,0.32695630868951037,7,Pump Off / High Viscous Friction
0.8862369929453848,0.3030598135408929,0.49591973696570535,0.49474345239856027,0.0,0.014697148436368265,0.08721248958807033,0.05328009169971645,0.018067498263455443,0.06906337139184965,0.5462749471731824,0.4131619934665748,0,Normal Fillage (Optimal)
0.8837231161142736,0.30919030493563043,0.49591973696570535,0.49584752369915125,0.0,0.015127518041732489,0.08498550399962146,0.05182080518018277,0.017100550016627875,0.06723409161877787,0.5329368829024099,0.4049699964823655,1,Severe Rod Floating & Impact Loading
0.6729335766039561,0.11413423808634729,0.49591973696570535,0.6174819885663727,0.0,0.013742595442486141,-0.04650574015601169,0.04993999850159457,0.046249443579516734,0.06823918719506561,0.2976048653794247,0.34762601759290007,2,Fluid Pound (Underfilled)
0.7626158964487004,0.29391398329773194,0.49591973696570535,0.5352567633580708,0.0,-0.0002545305026906541,0.25597260734238436,0.08915635441236291,0.06662305260947796,0.07967177047285542,0.44240481868768694,0.3722020085455281,3,Gas Interference
0.8254554439551569,0.28440794812602865,0.49591973696570535,0.48919758814201764,0.0,0.014144833035445599,0.3221007166408498,0.11726147108373372,0.015321392019186362,0.06259988003024676,0.7366844402501581,0.4131487591005537,4,Unanchored Tubing
0.8437909184557473,0.34201816214932423,0.49591973696570535,0.484964174337507,0.0,0.01756853300550462,0.2147341022878424,0.08128503278072534,0.05065129930401022,0.0553706393971662,0.8812486426744038,0.3660998466142748,5,Traveling Valve Leak
0.8810575727868173,0.31557394023996443,0.49591973696570535,0.4970182055129573,0.0,0.01558385258275813,0.08262416055503623,0.050276964938916445,0.016106097913789613,0.06529880314056385,0.5187941103615321,0.3967779994981561,6,Standing Valve Leak
0.8566905447907835,0.36888699747192594,0.49591973696570535,0.5077199773572272,0.0,0.019755428569608772,0.06103797164196606,0.03632959847310426,0.00993398573677707,0.04781392353577898,0.3895081479480483,0.33943402060869077,7,Pump Off / High Viscous Friction
0.849571632007228,0.12474551180796918,0.49591973696570535,0.5148898070190583,0.0,0.05225827794642562,0.03463675156070826,0.028328207113791293,0.017887258429444317,0.038125657360918476,0.3931869464069079,0.4583849252500399,1,Severe Rod Floating & Impact Loading
0.8470307182546382,0.12700411470257542,0.49591973696570535,0.5160896089340387,0.0,0.05334209966338726,0.03196905545067031,0.026862819355522857,0.018365462828717267,0.03625718067072648,0.38056509448270287,0.45023314590463726,1,Severe Rod Floating & Impact Loading
0.6972827652760323,-0.06949214265662434,0.49591973696570535,0.6025836434772346,0.0,0.04986100571276968,-0.06060813637784501,0.04336977021600487,0.040967516185647396,0.04135975899586231,0.21978550270698216,0.39317069048681885,2,Fluid Pound (Underfilled)
0.7656084784499448,0.2619457779246172,0.49591973696570535,0.5026374463182817,0.0,-0.00021702028589661856,0.21954104392656884,0.07922179476669984,0.07700356842415651,0.0697493468926226,0.37931625649757333,0.41762602852302677,3,Gas Interference
0.8232010972632828,0.11676333072109513,0.49591973696570535,0.5124700003944189,0.0,0.05005840866218719,0.2097478085401873,0.07512567039744852,0.018316130769765338,0.03466419209209579,0.5449678211900223,0.45353540856606855,4,Unanchored Tubing
0.8216387543932306,0.13983768664758184,0.49591973696570535,0.5145199500295574,0.0,0.05960851900257142,0.11521117371944017,0.04238266632745141,0.041768982829859844,0.024464217312933658,0.6050365453614301,0.40891310115478613,5,Traveling Valve Leak
0.8443821766850146,0.1293460128175571,0.49591973696570535,0.5173402319604609,0.0,0.05447182981204343,0.029188361286863366,0.02534495982082678,0.018930931694518868,0.034315232191327136,0.3674086071864133,0.4420813665592347,6,Standing Valve Leak
0.8221544047013829,0.14851598311328496,0.49591973696570535,0.5278360322860532,0.0,0.06395304182524147,0.005851504301788462,0.01325717400677575,0.025566994113533147,0.018282983784053887,0.2569933495663131,0.3850189111414162,7,Pump Off / High Viscous Friction
0.8957750608100401,0.030765822219338906,0.49591973696570535,0.4678840884394509,0.0,0.11194517147004072,-0.03543868801114752,0.04995579224037961,0.03137946358212008,0.062162422115443025,0.316876251616762,0.5200576108751825,1,Severe Rod Floating & Impact Loading
0.8945177130376809,0.03125689463004639,0.49591973696570535,0.4680627731848289,0.0,0.11378965062102002,-0.03871264168021628,0.049702694570996554,0.031113895062378983,0.06120136410146866,0.30559149997057317,0.5118870632983368,1,Severe Rod Floating & Impact Loading
0.7684185596855162,-0.15550601797299565,0.49591973696570535,0.5420287508524788,0.0,0.10739766585343313,-0.10900123750273047,0.03861178757954781,0.04728923763851407,0.05588647640118396,0.17937501058129363,0.45469323026041647,2,Fluid Pound (Underfilled)
0.7690099297850654,0.22828518883842347,0.49591973696570535,0.47160441383250584,0.0,-0.00018088314366140632,0.18486649434388988,0.0690275179076795,0.08962330238455332,0.05982634978002614,0.3212432691298106,0.4792048729909537,3,Gas Interference
0.8358556735923859,-0.0274904819780311,0.49591973696570535,0.4942401311178467,0.0,0.10552931683837981,0.09917994164744522,0.040795802000177794,0.02798380264002586,0.055443871885566424,0.418024508505286,0.5127916459266549,4,Unanchored Tubing
0.881337056176541,0.034083365699529335,0.49591973696570535,0.4636160167744883,0.0,0.12444240306262673,0.019314166071481318,0.041855474090623915,0.05061291699938736,0.05224671673244289,0.4736021025662986,0.46943720702503705,5,Traveling Valve Leak
0.8932182374330129,0.03176389794780231,0.49591973696570535,0.46824744481876335,0.0,0.11569592962569208,-0.042096290196005415,0.0494786570965459,0.0308485865602157,0.060223382695632106,0.29392864917356215,0.5037165157214911,6,Standing Valve Leak
0.8827408522186477,0.035832446190283314,0.49591973696570535,0.46973641147573025,0.0,0.13106583682995965,-0.06937790194962358,0.049105584460991586,0.029077089795558616,0.05300275596405199,0.19989365532012554,0.44652268268357076,7,Pump Off / High Viscous Friction
0.8742128392152733,0.02809393102606796,0.49591973696570535,0.46227128997736755,0.0,0.2020634808581636,-0.10803873718122924,0.05507191990142852,0.04712335543650504,0.0485938747607274,0.29163838525986663,0.569518020997269,1,Severe Rod Floating & Impact Loading
0.872742568333905,0.02850393410519614,0.49591973696570535,0.4623498852339638,0.0,0.20509891902344232,-0.11211430411764105,0.05569961930735282,0.047143826948141815,0.04798433767458961,0.28097063568992564,0.5613260240130596,1,Severe Rod Floating & Impact Loading
0.7585507596907366,-0.14029772354238487,0.49591973696570535,0.5302668763034634,0.0,0.1946194644448365,-0.17267686775841887,0.06153239160855559,0.06026853494151642,0.039274340399332884,0.1666553345495659,0.5039820451235942,2,Fluid Pound (Underfilled)
0.7710545772581998,0.206969466844426,0.49591973696570535,0.453345207207707,0.0,-0.0001595855517815922,0.1644635478129312,0.06268680005599236,0.09816256215595275,0.05367728502950379,0.28722642033833956,0.5285580360762223,3,Gas Interference
0.8216353105467729,-0.025115940160694072,0.49591973696570535,0.48739233521143555,0.0,0.19280119449269773,0.017925218111694063,0.014627740257861016,0.04309483389923358,0.043952085020970796,0.3857094460910978,0.5612726185298431,4,Unanchored Tubing
0.8596374455025835,0.030858811324264244,0.49591973696570535,0.4581899692722437,0.0,0.22258287816410116,-0.06604600684481643,0.03931016413331533,0.06637210799514383,0.040194008216265134,0.43067294314263205,0.5184904833783801,5,Traveling Valve Leak
0.871227450341685,0.028926081597155966,0.49591973696570535,0.4624308778516377,0.0,0.20822694599912744,-0.11631418651489507,0.05639072122758629,0.04717076263776438,0.04740466614132314,0.2699774918313796,0.5531340270288504,6,Standing Valve Leak
0.8591729425071044,0.03227172481586763,0.49591973696570535,0.46307526736407795,0.0,0.2331140015808283,-0.14972908589701203,0.0632941365874735,0.047594271031818305,0.044734028924862945,0.18251437711020907,0.49579004813938504,7,Pump Off / High Viscous Friction
